path,delta,avg_time
"Y0,Y0",0.231824461,24351.78846
"Y0,T0",0.157740868,59511.02174
"T0,Y0",0.157130466,56442.80293
"T0,T0",0.154110579,5342.549302
"X0,Y0",0.130497639,252223.2359
"Y0,X0",0.129244707,236125.4213
"Y0,S0",0.1047001,251583.9936
"S0,Y0",0.103929065,235786.0069
"Y0,O0",0.084813827,191188.1881
"O0,Y0",0.083496643,205995.8435
"G0,G0",0.077521123,772.2447766
"O0,T0",0.0770071,12718.42934
"T0,O0",0.075304398,11340.55879
"O0,O0",0.072927041,734.0712182
"N0,N0",0.071288592,5521.814133
"X0,X0",0.070260546,245811.8459
"T0,N0",0.069778649,47773.84593
"N0,T0",0.069296752,51277.48076
"S0,T0",0.068911235,61618.84924
"T0,S0",0.066887268,56476.43765
"S0,S0",0.066373245,41150.64964
"N0,Y0",0.065216693,363998.7612
"X0,T0",0.065120314,379677.8017
"T0,X0",0.064959681,365442.0754
"Y0,N0",0.064060141,362241.9854
"I0,I0",0.06261445,533.2690235
"S0,N0",0.05827738,50680.34978
"O0,N0",0.058052495,6219.512562
"N0,S0",0.057956115,52413.63625
"N0,O0",0.056478299,6421.51421
"T2,T2",0.05230186,219.6210844
"G0,B0",0.050053009,3648.015609
"H0,H0",0.049828123,674.9489
"B2,B2",0.049538985,329.5542385
"C2,C2",0.049281974,326.9017819
"D0,D0",0.049185594,557.3487194
"J0,J0",0.047964789,962.2561795
"B0,G0",0.046454846,2580.18594
"F0,G0",0.04587657,2048.807413
"B0,B0",0.045394673,938.9819239
"O2,O2",0.045330421,173.8642846
"N2,N2",0.044944903,173.0485383
"H0,G0",0.044720018,2483.570784
"G0,F0",0.044720018,1175.873265
"I2,I2",0.044687892,141.7026297
"G0,H0",0.044173868,4231.353199
"C1,C1",0.043627719,187.1775622
"C2,B2",0.043145822,1614.930376
"B2,C2",0.042953063,1428.033648
"X0,O0",0.042567546,138733.4794
"J1,J1",0.041957143,542.6111193
"T1,T1",0.041603752,254.7329367
"G3,G3",0.041571626,295.8211474
"G2,G2",0.041507373,237.4167847
"I1,I1",0.041378867,145.7571934
"C3,C3",0.041218235,799.2658407
"O0,X0",0.041218235,152527.6682
"X0,S0",0.040222315,575778.431
"O1,O1",0.040061683,145.1075525
"S0,X0",0.040061683,518531.9815
"F0,F0",0.039804671,290.5025691
"Y1,Y1",0.03945128,293.5098695
"H3,G3",0.039065763,681.7140676
"G3,H3",0.03900151,723.9396529
"O0,J0",0.038808751,1505.991117
"A2,A2",0.03855174,363.26767
"G1,G1",0.03845536,88.00815321
"D0,I0",0.038358981,2154.441479
"D1,D1",0.038326854,916.1272909
"A2,B2",0.038198349,1135.284303
"I0,N0",0.038166222,2541.476326
"N0,I0",0.038134096,4235.649463
"T2,O2",0.038101969,535.317125
"B2,A2",0.037780705,1174.088418
"H1,H1",0.037716452,136.6381305
"I0,D0",0.037587946,3768.520693
"I0,J0",0.037587946,1156.205738
"O2,T2",0.03755582,992.8081838
"J0,O0",0.037491567,2177.037752
"H3,H3",0.037234555,377.9724904
"I0,H0",0.036977544,3368.481126
"B1,B1",0.036881164,526.9949877
"O2,J2",0.036784785,174.3439166
"C0,C0",0.036720532,237.7411547
"G2,B2",0.036656279,595.1040286
"J0,I0",0.036624153,1760.761645
"H0,I0",0.036624153,2355.35723
"J2,O2",0.035981624,179.2180568
"J2,J2",0.035660359,132.6338111
"B2,G2",0.035660359,507.4162869
"O1,J1",0.035339095,244.5999749
"T1,O1",0.035339095,503.2267595
"N2,I2",0.035306968,294.8043198
"F2,F2",0.035146336,694.5114986
"O2,N2",0.035049957,387.6312769
"N2,O2",0.034985704,443.7409343
"J1,O1",0.034760819,845.6198493
"I2,N2",0.034600186,682.1667544
"Y1,T1",0.03456806,896.9001862
"O1,T1",0.034407428,518.6634545
"I1,J1",0.034246795,716.9150543
"J1,I1",0.03411829,621.4914863
"H2,H2",0.03411829,95.5009428
"O0,S0",0.03411829,48240.5746
"I2,J2",0.033540013,517.9226026
"H1,C1",0.033507887,456.3140334
"J2,I2",0.033507887,126.2684344
"T1,Y1",0.033379381,585.8412199
"I3,H3",0.03312237,826.5132518
"Y2,T2",0.033058117,608.8855054
"C1,H1",0.032865358,474.5094819
"S0,O0",0.032865358,46923.731
"I0,O0",0.032833232,1859.698837
"O0,I0",0.032479841,1754.1252
"N1,N1",0.032351335,172.2670198
"D2,D2",0.032319208,410.4156068
"T2,Y2",0.03203007,434.744545
"H3,I3",0.031965817,1486.78338
"O2,I2",0.031419668,461.8992368
"H2,C2",0.031387541,293.2408459
"N1,O1",0.031323288,635.9385374
"T2,N2",0.031259036,556.7563248
"I2,O2",0.031194783,931.6195287
"D3,D3",0.031162656,628.3693678
"O1,N1",0.03113053,205.9014937
"B1,G1",0.030905645,422.0653659
"C2,H2",0.030745012,368.9445465
"G2,H2",0.030616507,377.6658466
"N2,T2",0.030455874,1331.054623
"H3,C3",0.030295242,1588.641874
"H2,G2",0.030230989,301.5754488
"J0,N0",0.030230989,4882.492114
"N2,J2",0.030198863,532.6650141
"I3,I3",0.03013461,361.1293658
"G1,H1",0.029973978,228.3529258
"X2,X2",0.029941851,962.2002634
"C3,H3",0.029909725,309.2161605
"A2,G2",0.029813345,2059.033295
"G2,A2",0.029813345,2746.093959
"H1,G1",0.029813345,625.2464244
"G1,B1",0.029749092,177.5168937
"B3,G3",0.029492081,75.68770923
"N0,J0",0.029492081,5430.022132
"D3,C3",0.029492081,2461.778697
"X2,T2",0.029299322,3620.975251
"B1,C1",0.029202943,223.1953355
"I1,O1",0.029170816,1704.890172
"J2,N2",0.02913869,505.5418471
"J2,E2",0.02913869,507.1576974
"C1,B1",0.02913869,525.3583921
"O1,I1",0.029042311,356.7383234
"G3,B3",0.028945931,966.7857776
"C0,H0",0.028849552,1592.956673
"F2,A2",0.028849552,1026.159453
"N0,X0",0.028721046,612110.7014
"A2,F2",0.028560414,1269.576403
"C1,D1",0.028399782,1985.637703
"I1,N1",0.028335529,1010.716822
"H0,C0",0.028271276,1877.357196
"C3,G3",0.028271276,1913.821924
"F0,B0",0.02814277,4864.833041
"D1,C1",0.02814277,2239.395817
"G3,C3",0.028078517,3503.012963
"N1,I1",0.028046391,645.700599
"E2,E2",0.028046391,9455.511565
"H2,I2",0.027950011,206.4398225
"C3,D3",0.027853632,3018.014104
"C0,D0",0.027789379,973.3290785
"B0,F0",0.027757253,4226.673058
"I1,H1",0.027757253,1225.233902
"I1,D1",0.027725126,1418.645213
"I2,H2",0.027693,764.2833415
"G2,C2",0.027435988,1480.895473
"D0,C0",0.027403862,1117.121258
"C2,D2",0.027371735,1112.769108
"D1,I1",0.027339609,1532.526188
"F3,F3",0.027275356,1809.714773
"H1,I1",0.027275356,493.0161301
"F1,F1",0.027275356,365.5823472
"T2,X2",0.027243229,1423.885371
"G2,F2",0.027114724,2923.049093
"E2,J2",0.026921965,1052.59612
"J0,T0",0.026889838,44409.28991
"C2,G2",0.026729206,1828.872091
"S2,T2",0.02669708,624.8309464
"T0,J0",0.0266007,41752.92848
"B3,B3",0.026536447,37.12237755
"D2,C2",0.026407942,2207.355133
"F1,G1",0.026375815,400.0475589
"D0,D1",0.026375815,1264.064795
"F2,G2",0.026311562,2703.797609
"T2,S2",0.026215183,202.15569
"D1,D0",0.025765413,4091.69428
"G1,F1",0.025669033,209.046184
"X0,N0",0.025412022,592771.2978
"I2,D2",0.025412022,638.8138928
"D2,I2",0.024737366,958.6782546
"A0,G0",0.02470524,5746.144011
"G3,F3",0.024640987,1227.78667
"C1,I1",0.024448228,1605.429037
"B2,F2",0.024319722,3482.109881
"C1,G1",0.02415909,1065.241475
"F2,B2",0.024126964,2502.92404
"N1,J1",0.024030584,1029.303641
"G0,A0",0.023934205,10154.80004
"B3,C3",0.023902079,391.176767
"S2,S2",0.023869952,124.854915
"G1,C1",0.023837826,492.4839859
"N1,T1",0.023805699,2262.624734
"J1,N1",0.023805699,3072.537051
"C3,B3",0.023773573,636.596049
"F3,G3",0.023741446,2101.919595
"T1,N1",0.023677193,1023.398584
"G0,C0",0.023420182,12989.8948
"H1,B1",0.023355929,1569.577445
"F0,A0",0.023323802,4868.580906
"I1,C1",0.023227423,2856.316354
"C0,G0",0.023131044,9260.281273
"B1,H1",0.023098917,296.9684839
"S2,N2",0.023034664,359.0387922
"A1,B1",0.022970412,1124.871752
"C2,I2",0.022906159,3204.312958
"I3,G3",0.022745526,6047.559706
"B1,A1",0.022617021,1106.037746
"N2,S2",0.022552768,328.9579976
"I2,E2",0.022456388,747.7820211
"B0,A0",0.022456388,5076.750194
"A0,F0",0.022135124,2739.159916
"G3,I3",0.022070871,4854.503157
"E2,I2",0.022070871,1065.832946
"A1,A1",0.022038744,211.4724414
"F1,B1",0.022038744,1410.52228
"B1,F1",0.021910239,670.3739527
"A0,B0",0.021845986,6487.518539
"D0,C2",0.02171748,3179.456429
"Y2,Y2",0.021588974,1513.07579
"I2,C2",0.021107077,2611.736584
"Y1,O1",0.021107077,5170.869934
"D0,H0",0.020946445,5694.709563
"C0,I0",0.020914319,2566.658039
"H0,D0",0.020882192,6183.23537
"D3,H3",0.020882192,1794.900324
"B2,H2",0.020560928,739.5632978
"C2,D0",0.020528801,7547.330068
"T1,J1",0.020496675,1954.265533
"H3,D3",0.020400296,3955.301216
"C0,B0",0.020336043,7235.098083
"D3,I3",0.02027179,4712.956366
"A0,A0",0.020207537,1018.449396
"I0,C0",0.020207537,4717.776128
"X2,Y2",0.02017541,3398.619522
"B0,H0",0.020143284,5712.70224
"S2,X2",0.020143284,793.999859
"H2,B2",0.020111158,1089.699507
"X2,S2",0.020111158,514.9586008
"D1,C2",0.019886272,4864.888537
"Y2,X2",0.019854146,488.5693046
"H0,B0",0.019822019,6806.020825
"O2,E2",0.01972564,2247.654006
"B0,C0",0.019693514,8838.15648
"C3,I3",0.019597134,4480.65802
"O1,Y1",0.019565008,3503.980749
"J1,T1",0.019436502,7356.587795
"B3,H3",0.019436502,32.38681429
"E2,O2",0.019404376,7889.937425
"C2,D1",0.019243743,6183.753044
"I0,T0",0.01917949,46685.28798
"H3,B3",0.01917949,546.9616955
"Y0,J0",0.019147364,559006.6901
"I3,D3",0.019018858,5179.48145
"S2,O2",0.018954605,1286.010145
"N2,H2",0.018890352,2334.311386
"T0,I0",0.0188261,52180.26772
"O2,S2",0.0188261,1103.662368
"I3,C3",0.018761847,3719.181713
"E2,N2",0.018761847,6638.609382
"I0,G0",0.018633341,19950.34928
"G0,I0",0.018601214,36605.54251
"J0,Y0",0.018440582,558814.1011
"H2,N2",0.018440582,2731.764009
"I2,T2",0.018408456,4987.664937
"F1,A1",0.018215697,1191.219859
"N2,E2",0.017798053,1029.131656
"T1,I1",0.017798053,2859.553852
"I1,T1",0.017669547,8072.181324
"A1,G1",0.017541042,290.1628321
"I0,D1",0.017316156,7181.807006
"T2,I2",0.01728403,1067.651028
"H1,D1",0.017155524,1304.571607
"A1,F1",0.017123398,366.8162873
"I3,J3",0.017123398,2831.005956
"I0,C2",0.017123398,6641.037956
"H1,J1",0.017091271,1263.920802
"J1,H1",0.016994892,2646.932238
"D1,I0",0.016866386,13040.19243
"J3,I3",0.01673788,5824.467072
"G1,A1",0.01673788,559.9919446
"B3,F3",0.016705754,59.56178421
"D1,H1",0.016705754,3061.766046
"H2,D2",0.016641501,807.4236021
"F3,B3",0.016545122,4027.582416
"D3,G3",0.016448742,11089.35886
"G3,D3",0.016416616,9033.215248
"A2,C2",0.016416616,10485.73626
"D2,H2",0.016320236,2640.442167
"Y2,O2",0.01628811,754.8878367
"C2,A2",0.01628811,17125.62995
"C2,I0",0.016223857,12014.07091
"G3,A3",0.016223857,20746.79016
"J2,D2",0.015998972,952.8397089
"F1,H1",0.015870466,1581.369363
"O2,Y2",0.015870466,1243.695019
"Y2,N2",0.015806213,2227.689657
"D1,J1",0.015677707,4769.622061
"N2,Y2",0.015677707,1861.312003
"D0,E0",0.015517075,1444.463143
"A3,G3",0.015420696,8330.366917
"N1,H1",0.015420696,4239.374917
"D2,E2",0.015420696,1866.268549
"J1,D1",0.015388569,6233.839582
"F3,A3",0.015388569,19782.51487
"E0,D0",0.015260064,3064.802288
"H1,F1",0.015227937,4668.028602
"H1,N1",0.015195811,1246.808724
"A3,F3",0.015195811,21545.67236
"B3,A3",0.015163684,402.7304747
"C3,Y0",0.015163684,1180509.221
"E2,D2",0.015131558,3145.793185
"D2,J2",0.015003052,2135.962417
"N0,H0",0.014970926,37256.73273
"T2,J2",0.014906673,1381.128536
"S0,J0",0.014906673,55401.61554
"J1,C1",0.014874546,4475.779325
"Y0,G0",0.014874546,1423124.306
"E0,E0",0.014810293,1136.985734
"C1,J1",0.01474604,2439.424796
"J0,S0",0.014713914,47880.6756
"J2,T2",0.014649661,4431.072562
"H0,N0",0.014585408,14715.57069
"T1,S1",0.014489029,58.7008751
"M2,N2",0.014456902,546.835443
"N2,M2",0.014456902,139.546634
"S1,T1",0.014328397,784.8996609
"Y2,S2",0.014328397,523.5207052
"S0,I0",0.014232017,54486.02706
"Y0,C3",0.014232017,802868.1365
"I0,Y0",0.014071385,366366.0748
"N2,X2",0.014007132,4211.323479
"G2,I2",0.013942879,5038.295947
"Y0,I0",0.013910753,331892.7021
"F3,H3",0.013685868,6823.082446
"I0,S0",0.013653741,46583.46241
"G3,Y0",0.013653741,925356.2759
"A3,B3",0.013589488,1914.854987
"Y0,G3",0.013525235,719040.4143
"X2,N2",0.013493109,5615.596619
"E3,E3",0.013460982,1158.415781
"I2,G2",0.013428856,2808.985341
"S2,Y2",0.01339673,752.0759647
"X2,O2",0.01339673,6318.529589
"Y0,I3",0.013364603,1063574.967
"H3,F3",0.013332477,4020.893869
"J3,G3",0.013332477,18807.00698
"D2,D1",0.01330035,9487.103448
"E1,E1",0.013236097,857.8446344
"C1,D0",0.013139718,35058.08028
"O2,X2",0.013107591,7286.631671
"H3,J3",0.013075465,6613.061863
"G0,Y0",0.013043339,772456.1351
"G3,J3",0.013043339,7971.88961
"J3,H3",0.012882706,4557.156359
"C1,F1",0.01285058,5297.12466
"N1,S1",0.01285058,26.02652439
"J2,H2",0.01285058,1715.07633
"D0,C1",0.012818453,15092.08545
"F1,C1",0.012722074,3372.824878
"D1,D2",0.012689948,4977.373079
"Y1,N1",0.012657821,4637.831251
"H2,J2",0.012593568,3486.130301
"C1,C2",0.012529315,11269.27644
"S1,N1",0.012529315,724.9940195
"D2,D0",0.012432936,18746.77129
"N1,Y1",0.012432936,4552.986622
"B2,I2",0.01240081,6307.969639
"I0,C1",0.01240081,21231.72193
"O2,H2",0.012336557,2998.366013
"D0,D2",0.01230443,7786.523038
"M2,M2",0.012111672,88.75846437
"C2,C1",0.012079545,8374.683879
"G1,I1",0.012047419,2511.30488
"S1,S1",0.012015292,21.1020207
"S2,I2",0.012015292,1798.096975
"H2,M2",0.011983166,83.74492953
"G0,D0",0.011983166,54766.11902
"I2,S2",0.011918913,804.788046
"C1,I0",0.011886786,24171.45442
"O1,H1",0.01185466,2001.256323
"I1,G1",0.011822533,4616.623943
"I3,B3",0.011758281,4134.574737
"I2,B2",0.011758281,5862.584986
"H1,O1",0.011758281,4207.511198
"F2,C2",0.011694028,11119.92206
"H2,O2",0.011629775,2522.340978
"C2,F2",0.011597648,20197.93405
"I1,D0",0.011533395,53389.48199
"I3,Y0",0.011501269,1167545.865
"E1,D1",0.011469143,1694.902256
"J3,J3",0.01140489,4917.344232
"M2,H2",0.011372763,22.11459754
"A3,A3",0.011372763,32538.43169
"J0,D0",0.01130851,26735.79434
"D0,J0",0.011276384,10585.8564
"D0,G0",0.011212131,28437.20749
"B3,I3",0.011212131,293.3159228
"I1,C2",0.011180004,8883.044892
"D3,B3",0.011147878,3333.721645
"H2,A2",0.011115752,5689.567825
"I1,I0",0.011115752,26663.54913
"D0,I1",0.011115752,7396.870391
"C2,N2",0.010922993,24724.14301
"D1,H0",0.010890866,10146.06871
"A2,H2",0.010890866,6015.632979
"G2,N2",0.010890866,9984.689104
"B3,D3",0.010826614,210.4942626
"C2,I1",0.010794487,5115.443531
"D1,E1",0.010698108,2870.333443
"E3,D3",0.010633855,13201.07273
"D3,Y0",0.010569602,984557.952
"I2,D1",0.010537476,10754.93624
"N1,M1",0.010505349,21.20912738
"F3,I3",0.010473223,25438.97549
"H0,F0",0.010441096,23080.14296
"D3,E3",0.01040897,16341.73135
"N2,G2",0.01040897,15490.67549
"C3,F3",0.01040897,14731.79465
"J3,C3",0.010376843,10496.66691
"I0,I1",0.010376843,28333.77895
"F3,C3",0.010344717,17589.31817
"I2,I0",0.010280464,21364.71704
"D2,N2",0.010248337,11444.30926
"I3,F3",0.010216211,11517.31476
"C2,J2",0.010216211,8339.544408
"H0,D1",0.010184085,4768.863395
"M1,N1",0.010184085,18.53633218
"M1,M1",0.010087705,18.78055676
"F0,H0",0.010023452,28494.58683
"I2,D0",0.009991326,23705.75914
"D1,C0",0.009959199,6071.420735
"C3,J3",0.009959199,9282.772194
"O1,S1",0.009927073,68.13337117
"H1,M1",0.009927073,21.83064516
"N2,C2",0.009894947,14476.03985
"M1,H1",0.009894947,19.54330357
"N2,D2",0.009894947,2907.502479
"C2,E2",0.00986282,5284.908348
"C2,D3",0.009830694,9755.106229
"T0,G0",0.009798567,1160379.075
"I0,I2",0.009766441,10696.14367
"D2,B2",0.009766441,13539.25925
"F3,Y0",0.009734314,1323925.354
"H2,E2",0.009734314,972.794181
"D0,N0",0.009734314,40641.61905
"H3,A3",0.009702188,20716.66584
"G3,T0",0.009702188,531661.8897
"I1,B1",0.009670061,11215.07825
"B1,I1",0.009670061,2419.981854
"D2,G2",0.009670061,9224.925263
"J2,C2",0.009637935,4191.91314
"D3,C2",0.009637935,9952.970635
"B2,D2",0.009637935,6896.669746
"N0,D0",0.009605808,55625.45986
"A3,H3",0.009605808,20440.97288
"S1,O1",0.009605808,1107.328734
"E2,H2",0.009509429,6910.862832
"N0,G0",0.009509429,241551.1647
"G2,D2",0.009477303,5176.944194
"C3,T0",0.009445176,629145.9418
"E2,C2",0.009348797,11962.3011
"C0,D1",0.00931667,2327.551933
"D0,I2",0.00931667,12422.29544
"F2,H2",0.009252418,9270.850669
"Y0,F3",0.009188165,1049593.815
"I2,M2",0.009188165,32.65336463
"I3,T0",0.009156038,769969.0592
"J0,X0",0.009123912,446988.4382
"C1,N1",0.009091785,4086.410435
"I0,D2",0.009027532,14701.70549
"H2,F2",0.008995406,17583.5295
"D2,I0",0.008963279,26951.47688
"J0,E0",0.008963279,21290.46681
"E2,T2",0.008963279,31608.52093
"N0,M0",0.0088669,237.2861652
"S1,Y1",0.0088669,483.5627682
"D1,I2",0.008834774,7343.617277
"T0,G3",0.008834774,392880.7974
"T0,C3",0.008834774,380314.2967
"A3,Y0",0.008802647,1240053.57
"E0,J0",0.008738394,10409.81696
"Y0,A3",0.008738394,1209300.753
"C2,H0",0.008674141,11963.74014
"I2,C1",0.008674141,10483.50421
"H1,C2",0.008674141,6490.362305
"T0,I3",0.008642015,578597.4248
"J1,Y1",0.008609889,26251.83629
"H1,I0",0.008577762,13867.73022
"M0,N0",0.008577762,22.40157895
"J3,F3",0.008577762,29274.63757
"M2,I2",0.008545636,1264.36526
"H0,C2",0.008513509,4416.72275
"M2,G2",0.008481383,169.6930007
"S2,J2",0.008481383,971.6591954
"G0,T0",0.008481383,547371.9144
"G2,M2",0.008449256,74.02853067
"Y1,J1",0.008449256,7836.00113
"H2,D0",0.00841713,18650.48145
"I2,I1",0.00841713,3943.340677
"C1,O1",0.008385003,31497.84382
"F3,J3",0.008352877,12917.97147
"D3,J3",0.008288624,15600.14357
"C2,C0",0.008288624,13249.27393
"Y0,D3",0.008224371,759012.8144
"C0,C2",0.008224371,6233.486569
"B0,I0",0.008224371,41386.45242
"J0,H0",0.008192245,38195.98765
"M0,H0",0.008127992,2361.4238
"J2,S2",0.008127992,1694.533908
"T0,D3",0.008127992,318892.6842
"I1,I2",0.008095865,4515.142367
"C1,I2",0.008063739,8134.420607
"M0,M0",0.008063739,22.42777433
"B1,D1",0.008063739,5007.944287
"H3,Y0",0.008031612,932931.6656
"N2,I0",0.008031612,11194.18027
"C2,H1",0.008031612,6348.197483
"Y0,H3",0.007999486,696842.4073
"D2,C1",0.007935233,5356.227608
"H0,M0",0.007935233,239.1189516
"H2,D1",0.007935233,5618.201778
"I2,Y2",0.007935233,11457.11386
"D0,H1",0.007903107,25069.13546
"D2,O2",0.007903107,16319.00837
"I0,H2",0.007903107,26726.7984
"X0,J0",0.00787098,335737.8952
"H2,I0",0.00787098,35848.76488
"C1,D2",0.00787098,9658.12356
"J1,E1",0.007806727,3280.219739
"J3,D3",0.007806727,17600.6642
"D0,H2",0.007806727,8854.744782
"J3,B3",0.007774601,5296.38403
"I0,H1",0.007774601,10690.89883
"G0,N0",0.007774601,120442.7059
"O2,D2",0.007742474,6564.402758
"I0,B0",0.007742474,33843.20889
"I0,B2",0.007742474,21213.40879
"G1,D1",0.007710348,6634.1963
"D1,B1",0.007710348,11290.32887
"Y2,I2",0.007678221,4457.835926
"G0,J0",0.007678221,58972.17517
"N2,B2",0.007646095,22968.20308
"N1,C1",0.007646095,18315.40772
"A3,I3",0.007646095,34442.72749
"I1,Y1",0.007646095,16641.32765
"J1,G1",0.007646095,7296.277533
"C2,O2",0.007646095,18294.63137
"Y0,Y1",0.007613969,195492.7743
"J3,Y0",0.007613969,1361218.59
"T2,E2",0.007613969,5516.175995
"Y1,Y0",0.007581842,191184.3364
"I2,D3",0.007549716,6860.889267
"Y1,S1",0.007549716,67.13373494
"H1,A1",0.007549716,7498.782908
"I3,A3",0.007517589,32749.25875
"T1,H1",0.007517589,12365.69604
"D1,O1",0.007517589,17556.16667
"O2,C2",0.007485463,15372.93501
"H0,J0",0.007485463,5360.575371
"O1,C1",0.00742121,17904.21512
"D1,G1",0.007389083,10329.71946
"I0,N2",0.007389083,16144.70487
"B3,J3",0.007356957,172.430622
"I0,J1",0.007356957,29695.55149
"H1,D0",0.007356957,38365.86105
"D0,O0",0.007356957,42342.93009
"B2,N2",0.007356957,21954.77743
"O0,D0",0.007324831,54330.86933
"Y0,F0",0.007324831,1622229.194
"C1,B2",0.007324831,33974.54383
"I2,J1",0.007260578,11022.143
"A3,C3",0.007260578,41636.32293
"G3,C2",0.007260578,31144.00748
"B2,D0",0.007260578,53036.89726
"Y0,J3",0.007260578,968623.5697
"C2,J1",0.007260578,6792.975573
"H3,C2",0.007260578,8273.984202
"A1,H1",0.007228451,562.8767193
"B2,C1",0.007228451,14781.32331
"C3,A3",0.007228451,39254.8705
"J2,Y2",0.007196325,4034.039553
"B2,I0",0.007164198,40660.80121
"D0,J1",0.007164198,19620.43212
"E0,Y0",0.007164198,1554695.8
"J1,D0",0.007132072,50131.67524
"O1,I0",0.007132072,23441.81188
"E1,J1",0.007132072,4947.974202
"J1,I2",0.007099945,14402.96646
"D1,H2",0.007067819,25237.70787
"I0,O1",0.007067819,22645.65228
"D0,B2",0.007067819,35310.91452
"E3,I3",0.007067819,49287.4
"M2,S2",0.007067819,22.43163539
"J0,G0",0.007035692,126516.4701
"O1,D1",0.007003566,22109.89373
"S2,M2",0.007003566,23.03016453
"D3,T0",0.00697144,549014.4549
"D2,D3",0.006939313,4221.344
"E0,I0",0.006939313,19812.04831
"X0,I0",0.006939313,391490.3449
"C2,H3",0.006939313,2705.271701
"M1,G1",0.006939313,21.4027927
"J1,C2",0.006907187,11676.72217
"Y0,H0",0.006907187,886171.3485
"E3,Y0",0.006907187,1757098.993
"C3,C2",0.006907187,7860.471489
"Y0,E0",0.006907187,1111343.046
"I1,N2",0.00687506,9218.152326
"O2,G2",0.00687506,12632.89806
"N1,G1",0.006842934,5286.501199
"T2,H2",0.006842934,9471.906516
"D3,D2",0.006842934,4048.982699
"Y0,T1",0.006842934,227213.5167
"Y1,I1",0.006842934,24431.99341
"Y2,J2",0.006842934,3143.683945
"T0,H0",0.006810807,369527.885
"N2,I1",0.006810807,9125.876601
"I2,X2",0.006810807,27697.72028
"T1,Y0",0.006810807,195461.4038
"O0,H0",0.006810807,145097.91
"H1,T1",0.006810807,7724.260349
"D3,F3",0.006778681,47223.38855
"A1,C1",0.006778681,642.2554348
"C2,G3",0.006746554,14673.61455
"D0,T0",0.006746554,227919.9321
"G1,M1",0.006714428,76.40914158
"N2,C1",0.006714428,8871.374251
"F3,T0",0.006714428,888162.241
"Y0,E3",0.006714428,1199881.947
"O1,C2",0.006650175,8435.879828
"J1,I0",0.006650175,29145.39229
"T0,D0",0.006618049,243137.2533
"C1,N2",0.006618049,11306.40828
"G1,J1",0.006585922,3367.768634
"J1,J0",0.006553796,129385.5997
"I0,D3",0.006553796,16624.82557
"G1,N1",0.006553796,1813.888626
"F3,D3",0.006553796,25747.75398
"I0,E0",0.006521669,21097.05429
"F0,Y0",0.006521669,707320.6546
"C2,G0",0.006521669,72459.63171
"D1,D3",0.006489543,12457.25035
"I0,M0",0.006489543,358.6238806
"A2,B1",0.006489543,196646.5045
"B1,A2",0.00642529,79186.04057
"I1,D2",0.00642529,4763.900517
"A3,T0",0.00642529,1105232.366
"C1,A1",0.006393163,8664.956018
"D3,D1",0.006361037,8744.919631
"H2,T2",0.006361037,13927.92636
"X2,I2",0.006328911,26417.33493
"H0,Y0",0.006328911,568239.9346
"J3,A3",0.006296784,38688.23359
"D0,O1",0.006264658,13883.24645
"H0,O0",0.006232531,24494.48225
"C2,O1",0.006232531,27029.96964
"G1,B2",0.006200405,19091.94815
"B0,D0",0.006200405,44968.70385
"O2,J1",0.006200405,20820.20206
"J0,J1",0.006168278,79010.50788
"G2,O2",0.006168278,10349.23129
"H0,C1",0.006168278,11587.92105
"N0,D1",0.006168278,44688.76612
"N2,D1",0.006136152,11243.32523
"D3,I2",0.006136152,13476.38514
"J1,O2",0.006104025,29107.35294
"H0,T0",0.006104025,212001.6567
"B2,D3",0.006104025,5629.162614
"B0,Y0",0.006104025,801486.2882
"I1,E1",0.006104025,6328.905993
"I0,J2",0.006104025,12231.96625
"A2,I2",0.006071899,44375.88462
"C2,I3",0.006039773,8000.91371
"C3,X0",0.006039773,1324872.79
"D2,I1",0.006039773,4526.078456
"O1,I2",0.006039773,17124.12626
"D1,B2",0.006039773,22560.93365
"H2,D3",0.006039773,2954.954333
"S2,H2",0.006039773,952.6459096
"D0,N2",0.006007646,12849.12135
"J1,E2",0.006007646,113334.3159
"H3,T0",0.00597552,379836.0087
"C1,H2",0.005943393,21617.43084
"A3,J3",0.005943393,24935.11837
"C2,N0",0.005943393,52145.51303
"Y0,B0",0.005943393,1455034.345
"C2,C3",0.005943393,35009.37204
"D1,N2",0.005943393,17595.24327
"B2,G1",0.005943393,37198.97362
"B2,D1",0.005943393,35364.20857
"B1,B2",0.005943393,65830.3238
"N2,D3",0.005943393,6031.559298
"H2,S2",0.005911267,1135.40547
"I2,A2",0.005911267,25105.94994
"N2,D0",0.005911267,35694.12039
"T0,T1",0.005911267,134942.1453
"D0,D3",0.005911267,17978.63953
"O1,D0",0.005911267,22072.43534
"O1,N2",0.00587914,12163.89709
"J2,X2",0.00587914,19828.22397
"E1,I1",0.00587914,12648.27565
"E2,J1",0.00587914,165856.5008
"G2,D0",0.00587914,50406.35891
"J1,N2",0.00587914,14604.16667
"C0,F0",0.00587914,24652.17398
"C0,C1",0.005847014,5013.930583
"I2,O1",0.005847014,33630.13487
"I3,E3",0.005847014,32898.01313
"M1,I1",0.005847014,116.6573913
"G0,C2",0.005847014,26713.93042
"N0,C2",0.005847014,55278.00399
"D3,D0",0.005847014,48693.12329
"T1,T0",0.005814887,88718.44734
"G2,C1",0.005814887,6765.720391
"M0,G0",0.005814887,65.20693928
"I0,G1",0.005814887,23428.35472
"I1,D3",0.005782761,2292.295082
"N2,J1",0.005782761,15787.59532
"I0,X0",0.005782761,311650.7672
"F0,C0",0.005782761,40321.7116
"C1,C0",0.005782761,20046.85576
"B2,H1",0.005782761,1299.331646
"C1,D3",0.005782761,4548.518987
"S0,G0",0.005750634,957952.163
"M0,I0",0.005750634,1878.221956
"D1,N0",0.005750634,35097.66815
"T1,N2",0.005750634,46767.67215
"I3,C2",0.005750634,10362.50242
"I1,M1",0.005718508,24.34465195
"N2,O1",0.005718508,13372.75962
"G1,I0",0.005718508,9334.640994
"J2,G2",0.005686382,5105.546407
"G1,C2",0.005686382,6302.539259
"B2,B1",0.005686382,79784.5
"O0,C1",0.005654255,71922.75405
"X2,J2",0.005622129,6812.061516
"C2,G1",0.005622129,10777.92828
"I1,N0",0.005622129,57192.14733
"G2,J2",0.005590002,8210.327586
"T2,G2",0.005590002,21213.37282
"H2,C1",0.005557876,3593.136232
"J2,I0",0.005557876,8163.669281
"T0,H3",0.005557876,254087.4388
"G2,D1",0.005525749,20757.77905
"D1,G0",0.005525749,51352.65493
"E2,G2",0.005525749,20087.40432
"N2,T1",0.005525749,8157.865248
"O2,I0",0.005525749,17764.34457
"I0,G2",0.005525749,23546.68804
"H1,B2",0.005525749,7469.723919
"T0,I2",0.005493623,272783.2997
"C1,G2",0.005493623,19935.10376
"I0,H3",0.005493623,20099.44209
"J2,J1",0.005461496,6256.723639
"C1,H0",0.005461496,59088.45878
"G2,I0",0.005461496,23761.12989
"S0,C3",0.005461496,759902.3106
"D3,I0",0.005461496,45282.59419
"I2,H1",0.005461496,12182.05563
"X0,G0",0.005461496,1482502.096
"G3,I2",0.00542937,17794.96131
"T1,I0",0.00542937,31712.15266
"H3,D2",0.00542937,2784.884709
"I1,H0",0.005397244,54334.67188
"O2,B2",0.005365117,58287.8674
"T0,F3",0.005365117,737378.2801
"T1,T2",0.005365117,52574.20536
"D1,N1",0.005365117,12437.31953
"E3,C3",0.005365117,84218.30769
"C3,I2",0.005365117,47602.63106
"T0,E0",0.005365117,689707.3744
"O0,C2",0.005332991,80806.64687
"G0,M0",0.005332991,2909.785252
"D1,G2",0.005332991,22737.47375
"H2,I1",0.005332991,230.34
"X0,C3",0.005332991,1001900.951
"H3,I2",0.005332991,3248.669856
"E3,H3",0.005300864,23113.04343
"Y0,I2",0.005300864,690185.0271
"D0,B0",0.005300864,52199.19456
"H1,I2",0.005300864,1277.867347
"J1,B1",0.005300864,18533.61786
"T2,M2",0.005300864,125.6228748
"G3,N0",0.005300864,407728.9806
"I0,O2",0.005268738,26053.54421
"N0,G3",0.005268738,286865.289
"O2,C1",0.005268738,14738.50599
"G2,D3",0.005268738,5803.775346
"G0,D1",0.005268738,36360.51196
"T0,A3",0.005268738,1217931.186
"C1,O2",0.005236611,22585.05874
"D0,J2",0.005236611,19892.13295
"I2,T0",0.005236611,100251.5937
"T2,T1",0.005236611,13245.62836
"C3,S0",0.005236611,1012832.398
"T0,N2",0.005236611,258513.2417
"J1,J2",0.005204485,4889.747167
"D3,B2",0.005204485,5557.021195
"F1,I1",0.005204485,10373.04075
"I2,H3",0.005204485,325.2462621
"D3,C1",0.005172358,13575.46423
"H0,I1",0.005172358,7138.916118
"O2,O1",0.005172358,13375.54461
"B2,I1",0.005140232,25392.81596
"O1,O2",0.005140232,2482.406484
"G1,D0",0.005140232,29077.59498
"D0,G2",0.005140232,36887.93325
"I2,C3",0.005140232,11466.32704
"N1,I0",0.005140232,45807.12207
"N0,I1",0.005140232,48754.17795
"M2,T2",0.005140232,2796.611635
"D0,Y0",0.005140232,740546.6788
"I0,T1",0.005108106,41843.17919
"C1,N0",0.005108106,41239.17004
"I2,N0",0.005108106,48137.57345
"B2,O2",0.005108106,23640.49816
"I1,F1",0.005075979,20091.359
"J3,T0",0.005075979,1391577.881
"I1,S1",0.005075979,144.6269231
"O2,M2",0.005043853,333.344898
"N0,C3",0.005043853,399695.6317
"G3,N2",0.005043853,13942.40767
"I1,H2",0.005043853,4127.727778
"D2,H0",0.005043853,22838.22734
"I2,G1",0.005011726,20700.78187
"E0,T0",0.005011726,737530.6501
"I2,Y0",0.005011726,293492.2681
"Y0,C1",0.005011726,511452.2345
"G3,C1",0.005011726,18436.94925
"T0,Y1",0.005011726,138714.0965
"D3,H2",0.005011726,2132.346386
"I1,O2",0.005011726,8596.430017
"I0,N1",0.005011726,13080.92321
"C1,T1",0.0049796,54936.77243
"G3,I0",0.0049796,60939.1233
"N2,H1",0.0049796,11887.13176
"H3,D1",0.0049796,672.241966
"N1,D1",0.0049796,21294.41835
"G0,C1",0.004947473,67325.56738
"G2,T2",0.004947473,42261.44815
"G2,E2",0.004947473,18723.4992
"I2,G3",0.004947473,13002.03863
"O0,O1",0.004915347,78874.35103
"N2,Y0",0.004915347,268686.1026
"T1,O2",0.004915347,65122.85655
"J2,B2",0.004915347,13676.45927
"I1,B2",0.004915347,5838.46463
"G3,B2",0.004915347,25077.81904
"A2,N2",0.004915347,63042.1373
"H0,I2",0.00488322,32521.60073
"N0,C1",0.00488322,88021.6679
"I2,I3",0.00488322,4521.914798
"I3,I2",0.00488322,24290.90629
"G3,X0",0.00488322,1370803.875
"C3,D1",0.00488322,25991.70406
"D0,O2",0.00488322,27043.63444
"G3,D0",0.00488322,49039.79058
"G1,A2",0.00488322,26114.70675
"A2,G1",0.00488322,49771.68908
"N0,D3",0.00488322,200011.2572
"Y0,N2",0.00488322,483136.2182
"F1,A2",0.00488322,154932.8399
"G3,D1",0.004851094,36469.04734
"C1,O0",0.004851094,26439.49616
"C2,T0",0.004851094,69458.95488
"T0,C2",0.004851094,102126.982
"G3,O0",0.004851094,281633.146
"B2,J2",0.004851094,4623.60778
"N2,T0",0.004851094,122110.6054
"M2,O2",0.004851094,44.0491453
"C1,G0",0.004851094,53819.20732
"O0,D3",0.004851094,136209.2351
"D3,A3",0.004818967,125601.6966
"H3,E3",0.004818967,30437.31596
"O0,G3",0.004818967,257570.2822
"C1,J2",0.004818967,9269.814679
"Y1,T0",0.004818967,137363.2992
"H3,I0",0.004786841,25570.258
"D0,G1",0.004786841,27321.97087
"C2,O0",0.004786841,45065.37604
"O1,Y0",0.004786841,149478.6335
"D2,H3",0.004786841,2567.094256
"E2,B2",0.004786841,19892.625
"C3,D2",0.004786841,8738.228148
"G3,D2",0.004754715,8990.596677
"I2,H0",0.004754715,55694.9078
"T0,C1",0.004754715,218710.619
"I0,G3",0.004754715,50238.15158
"N2,A2",0.004722588,84829.47032
"T1,I2",0.004722588,47725.98024
"G3,O1",0.004722588,8204.216443
"N0,I2",0.004722588,60469.67621
"J2,D0",0.004690462,25040.38438
"O0,C3",0.004690462,222544.5841
"J0,C2",0.004690462,32021.10511
"Y0,D0",0.004690462,564759.7393
"A2,I0",0.004690462,21039.71587
"C3,N0",0.004690462,584098.9002
"O1,G1",0.004690462,14186.44656
"H0,D2",0.004658335,6489.042244
"I0,C3",0.004658335,40284.35043
"J2,C1",0.004658335,22423.20696
"O1,N0",0.004658335,36925.87277
"O1,O0",0.004626209,12484.80862
"A2,F1",0.004626209,47345.63553
"I2,T1",0.004626209,43453.46927
"N2,H3",0.004626209,3020.254642
"D3,I1",0.004626209,8781.626866
"J2,D1",0.004594082,7700.938611
"C3,E3",0.004594082,51684.71274
"C1,A2",0.004594082,46343.92365
"T1,C1",0.004594082,19912.84405
"G3,S0",0.004561956,812031.5494
"B2,J1",0.004561956,11048.48118
"O1,M1",0.004561956,43.89574468
"E3,T0",0.004561956,1447686.912
"N2,G3",0.004561956,16919.38418
"H3,I1",0.004561956,8989.463291
"D1,J2",0.004529829,6247.164666
"C2,T2",0.004529829,92538.36685
"C3,I0",0.004529829,49504.64617
"T0,F0",0.004529829,1579206.94
"E0,O0",0.004529829,174931.3764
"D3,G2",0.004529829,10315.84743
"O2,D3",0.004529829,3783.047337
"D0,G3",0.004497703,27484.66798
"G0,I1",0.004497703,21270.55269
"T0,O1",0.004497703,143374.9723
"B1,J1",0.004497703,19864.71795
"D1,O0",0.004497703,44245.11683
"T1,C2",0.004497703,19665.54773
"D2,G3",0.004497703,6118.013986
"O1,D3",0.004497703,2328.676421
"I1,G0",0.004465577,53223.46405
"G0,O0",0.004465577,260508.2962
"H3,D0",0.004465577,6043.645614
"D2,A2",0.004465577,46860.66454
"N1,C2",0.004465577,15454.37006
"C1,T0",0.004465577,70432.62923
"G0,I2",0.004465577,48473.69034
"C1,G3",0.004465577,3059.759554
"O0,G0",0.004465577,431385.6918
"H0,S0",0.004465577,213108.7279
"D1,H3",0.00443345,19615.09705
"S1,I1",0.00443345,10815.78916
"H1,N2",0.00443345,1666.183333
"C2,T1",0.004401324,35688.23657
"B2,M2",0.004401324,33.9742268
"D1,J0",0.004401324,42750.22438
"I2,G0",0.004401324,49887.2567
"G1,O1",0.004401324,13174.54394
"O0,I2",0.004401324,41582.21809
"O1,T2",0.004401324,34117.3505
"J2,O1",0.004401324,11239.73063
"D2,H1",0.004401324,5648.768638
"G1,G2",0.004401324,1781.363636
"D2,J1",0.004369197,14713.66607
"I3,D2",0.004369197,8198.29582
"Y0,O1",0.004369197,226087.9083
"S0,H0",0.004369197,273175.965
"T1,M1",0.004369197,29.96163683
"I0,B1",0.004369197,17500.79424
"N1,D0",0.004369197,54711.18011
"T0,J3",0.004369197,674545.4742
"H3,N2",0.004369197,1936.497801
"G2,G1",0.004369197,16226.83051
"C2,J0",0.004369197,40191.72836
"G0,D3",0.004369197,42379.8934
"O1,J2",0.004369197,12598.53633
"T0,I1",0.004369197,112146.5009
"D2,C0",0.004337071,24753.30053
"X0,F3",0.004337071,1194355.631
"N0,B2",0.004337071,36831.45374
"H3,B2",0.004337071,24249.26092
"E2,Y2",0.004337071,53864.67551
"H0,H1",0.004304944,5338.063253
"D3,N2",0.004304944,13681.13055
"B2,H3",0.004304944,5399.730238
"X0,A3",0.004304944,1458483.372
"H3,J1",0.004304944,1071.699854
"C3,O0",0.004304944,346843.3068
"O1,T0",0.004272818,52558.83599
"D1,G3",0.004272818,9030.862319
"G1,I2",0.004272818,5364.717697
"O2,T1",0.004272818,31812.75
"G3,H2",0.004272818,9506.839917
"I1,C3",0.004272818,14756.05941
"Y1,T2",0.004272818,48002.7638
"H3,C1",0.004272818,2605.397037
"A0,H0",0.004240691,121700.5058
"G0,X0",0.004240691,701673.9769
"I1,T0",0.004240691,60046.32046
"H3,H2",0.004240691,237.2411504
"A3,D3",0.004240691,22904.85027
"C2,N1",0.004240691,14708.05033
"O2,I1",0.004240691,3568.199241
"B2,E2",0.004240691,20850.13149
"I1,J2",0.004240691,4318.173554
"O1,B2",0.004240691,4970.095238
"G3,G0",0.004208565,220011.0982
"X0,G3",0.004208565,1370470.5
"J1,D2",0.004208565,14543.53162
"I1,G2",0.004208565,15666.51346
"I0,A2",0.004208565,39933.95556
"D1,O2",0.004208565,6831.149842
"B1,N1",0.004208565,2610.600559
"D0,T1",0.004208565,26281.73073
"I2,F2",0.004208565,19174.39084
"J0,C1",0.004208565,56014.95455
"J2,D3",0.004176438,1241.726658
"G0,S0",0.004176438,450805.5291
"D3,J2",0.004176438,8005.25072
"O1,G3",0.004176438,8237.494253
"D1,C3",0.004144312,10506.55425
"D3,O1",0.004144312,32984.8573
"C0,D2",0.004144312,11607.88262
"D3,N0",0.004144312,353401.6634
"N1,N2",0.004144312,10982.31403
"D3,J1",0.004144312,27896.54345
"D3,S0",0.004112186,832483.2121
"O0,I1",0.004112186,31703.90892
"B2,O1",0.004112186,39887.04246
"O0,I3",0.004112186,281497.6
"O2,D0",0.004112186,38036.62064
"H3,O1",0.004112186,422.872033
"A2,D2",0.004112186,31864.19565
"N0,O1",0.004112186,78084.14773
"I0,T2",0.004112186,27553.59476
"I2,O0",0.004112186,47584.59325
"G3,O2",0.004112186,20280.31811
"M1,O1",0.004112186,26.98067633
"N2,G1",0.004112186,10274.53578
"C3,N2",0.004112186,18042.37265
"O2,D1",0.004080059,11569.86911
"C3,C1",0.004080059,29215.96545
"D3,O0",0.004080059,285768.8481
"O0,E0",0.004080059,155463.9231
"C1,C3",0.004080059,23390.17143
"C1,H3",0.004080059,4948.09633
"B2,G3",0.004080059,11173.90341
"D1,T0",0.004080059,73614.17672
"C1,T2",0.004080059,47810.51243
"N0,I3",0.004080059,400389.8305
"T0,J1",0.004080059,114202.9245
"G2,I1",0.004047933,4606.429175
"T2,I0",0.004047933,11044.93226
"D0,H3",0.004047933,26032.92193
"C2,B1",0.004047933,50494.94055
"O1,H3",0.004047933,3432.472417
"J1,D3",0.004047933,14050.29698
"J0,O1",0.004047933,93071.60417
"G0,O1",0.004047933,213580.9275
"N2,N0",0.004047933,58726.86694
"S0,G3",0.004047933,717635.2515
"G1,N2",0.004015806,7035.472663
"J0,D1",0.004015806,13440.38929
"J1,B2",0.004015806,13452.41638
"T0,T2",0.004015806,312892.1367
"G3,I1",0.004015806,19762.62441
"C3,H2",0.004015806,9912.379464
"H3,N0",0.004015806,183413.6013
"G0,N2",0.004015806,53287.42247
"S0,D0",0.004015806,178869.5341
"H1,N0",0.004015806,20754.8507
"T2,Y1",0.004015806,12433.05229
"I1,J0",0.00398368,44884.30156
"J1,T0",0.00398368,116270.413
"I1,O0",0.00398368,16089.12854
"H2,J1",0.00398368,1176.334917
"T1,X2",0.00398368,54040.63855
"N2,C3",0.00398368,8790.54536
"H1,D3",0.00398368,2257.678431
"D2,C3",0.00398368,17669.70346
"T0,D1",0.003951553,72685.2885
"D0,C3",0.003951553,75218.6983
"F2,I2",0.003951553,9338.142466
"O0,J1",0.003951553,57953.18246
"C3,G2",0.003951553,11805.62739
"C3,I1",0.003951553,19373.03721
"G3,J1",0.003951553,13780.57709
"I0,F0",0.003951553,76301.18159
"A2,C1",0.003951553,36117.94364
"X2,Y1",0.003951553,221905.3546
"N2,O0",0.003951553,87511.38569
"H0,D3",0.003951553,7264.063187
"F0,I0",0.003951553,121107.5099
"F3,X0",0.003951553,1489408.798
"C3,B2",0.003951553,4148.286885
"B2,F1",0.003919427,66936.0553
"B1,G2",0.003919427,77209.3477
"C1,J0",0.003919427,23448.72396
"T2,Y0",0.003919427,264958.1005
"H1,G2",0.003919427,27591.02353
"H2,G3",0.003919427,2583.675879
"C1,Y0",0.003919427,134778.076
"C3,D0",0.003919427,90929.03052
"S0,I3",0.0038873,857477.2107
"Y0,T2",0.0038873,594620.1487
"B3,C2",0.0038873,172.1409091
"N1,I2",0.0038873,7393.551559
"J2,I1",0.0038873,5188.292829
"T2,O1",0.0038873,6356.695082
"J0,I2",0.0038873,35253.59315
"T0,B0",0.0038873,1249705.081
"T1,O0",0.0038873,35066.0217
"B2,N0",0.0038873,11913.69663
"O1,J0",0.0038873,51855.95556
"O0,D1",0.0038873,50491.82121
"T0,E3",0.003855174,817414.0133
"X0,D3",0.003855174,936036.8284
"I0,I3",0.003855174,61728.26212
"G2,S2",0.003855174,9715.436409
"I3,O0",0.003855174,388390.7675
"N0,C0",0.003855174,44047.05065
"T1,D0",0.003855174,39482.95238
"J1,H2",0.003855174,5873.506494
"I2,N1",0.003855174,38185.69231
"M2,B2",0.003855174,37.69295775
"J1,G3",0.003855174,24638.26677
"D0,B1",0.003823048,58035.09709
"G1,T1",0.003823048,22556.21575
"B1,C2",0.003823048,6465.342795
"S2,G2",0.003823048,7165.973934
"D3,G0",0.003823048,77617.42105
"C2,Y0",0.003823048,255944.4815
"G3,T2",0.003823048,13042.47679
"D1,T1",0.003823048,23766.77853
"I1,Y0",0.003823048,170449.6692
"I1,H3",0.003823048,743.6820809
"I3,X0",0.003790921,1030002.141
"O2,G3",0.003790921,4553.385813
"M1,T1",0.003790921,27.4673913
"N0,N2",0.003790921,120004.61
"G1,T0",0.003790921,47897.01709
"H0,O1",0.003790921,44007.81098
"D0,N1",0.003790921,6920.564211
"C0,J0",0.003790921,37295.00233
"T2,D3",0.003790921,4150.140325
"Y0,J1",0.003790921,366192.3091
"J0,I1",0.003758795,58105.92273
"M0,S0",0.003758795,160.0765661
"B1,I0",0.003758795,23573.3913
"Y0,G1",0.003758795,838663.155
"F1,D1",0.003758795,12124.56543
"I1,G3",0.003726668,14143.2108
"E1,C1",0.003726668,19405.1893
"O2,H3",0.003726668,10001.07143
"E3,G3",0.003726668,132849.8822
"O0,G1",0.003726668,174223.3383
"H2,H3",0.003726668,4870.148936
"F0,T0",0.003726668,787822.0195
"N0,H1",0.003726668,116377.5446
"O0,H3",0.003726668,112951.3699
"Y0,C2",0.003726668,215756.9104
"G3,T1",0.003726668,7934.105691
"C3,O1",0.003726668,13786.75414
"I3,N0",0.003726668,387925.9873
"H1,D2",0.003694542,8413.250681
"T1,G3",0.003694542,23161.52611
"D2,I3",0.003694542,3862.38342
"D2,O1",0.003694542,11536.25765
"E2,J0",0.003694542,494043.7491
"G3,G2",0.003694542,12743.07377
"N0,E0",0.003694542,271030.1093
"F1,B2",0.003694542,26764.36652
"J1,Y0",0.003694542,329905.2408
"H1,T0",0.003662415,57224.33156
"G1,N0",0.003662415,15808.1631
"H0,A0",0.003662415,37547.88535
"O1,C3",0.003662415,1910.814408
"T2,J1",0.003662415,6904.257996
"J1,G0",0.003662415,85795.87724
"J1,T2",0.003662415,39539.18816
"T2,C2",0.003662415,15898.24146
"N1,B1",0.003662415,4051.03481
"I2,B1",0.003662415,6898.630542
"T2,D2",0.003662415,9221.825
"C0,N0",0.003630289,49573.70076
"N2,G0",0.003630289,34885.4508
"T1,D1",0.003630289,44096.32323
"Y1,Y2",0.003630289,223956.4369
"H3,O2",0.003630289,168.0078947
"I2,J0",0.003630289,15497.85558
"H1,O0",0.003630289,14840.35342
"O0,T1",0.003630289,69252.07724
"O1,H2",0.003630289,18870.86218
"D0,T2",0.003598162,33933.67747
"G2,G3",0.003598162,21531.39937
"B2,C3",0.003598162,19833.58902
"N0,H3",0.003598162,121039.4571
"Y1,X2",0.003598162,124913.4079
"B2,G0",0.003598162,118611.8101
"D2,N0",0.003598162,48369.33131
"H3,G2",0.003598162,2632.348465
"I3,S0",0.003598162,1023484.45
"N1,T0",0.003598162,107434.8232
"F3,A2",0.003598162,125871.4424
"H3,O0",0.003598162,207250.5257
"G3,E3",0.003598162,90566.72177
"E0,N0",0.003598162,365454.1803
"G2,H1",0.003598162,9020.158809
"J1,S1",0.003566036,62.07777778
"O1,G0",0.003566036,103030.4465
"O2,H1",0.003566036,38722.04
"G3,J2",0.003566036,10878.95144
"H3,J2",0.003566036,39.88006483
"J0,C0",0.003566036,37846.6639
"T2,D0",0.003566036,33832.39373
"A2,D0",0.003566036,90166.09358
"D1,F1",0.003533909,19353.67105
"S0,D3",0.003533909,681906.2047
"E3,X0",0.003533909,1984685.77
"G2,H3",0.003533909,2650.928169
"T1,D3",0.003533909,8420.116951
"G0,B2",0.003533909,83409.83377
"H1,G0",0.003501783,31990.03019
"N2,I3",0.003501783,3865.975515
"D1,A2",0.003501783,29524.83254
"T2,C1",0.003501783,22958.23636
"N0,T1",0.003501783,66870.00815
"C3,O2",0.003501783,9072.362832
"H2,G1",0.003501783,3055.232394
"D1,I3",0.003501783,15563.90588
"D2,T2",0.003501783,17797.66024
"D1,T2",0.003501783,42746.03598
"H0,H2",0.003501783,19099.39481
"Y2,E2",0.003501783,6239.667364
"J1,H3",0.003501783,533.5536
"G0,T1",0.003501783,379317.5125
"O2,G1",0.003501783,20804.67775
"I3,B2",0.003501783,22805.9232
"G0,G3",0.003469657,73938.34792
"D0,S0",0.003469657,201570.5134
"C3,J1",0.003469657,8203.428571
"O1,I3",0.003469657,7627.427928
"H3,T1",0.003469657,613.2763685
"N2,N1",0.003469657,12308.38686
"O1,D2",0.003469657,23386.97632
"H2,H1",0.003469657,379.3431953
"A3,X0",0.003469657,1279845.583
"D3,O2",0.003469657,6646.448819
"Y1,N2",0.00343753,91952.47569
"O0,B2",0.00343753,97778.50735
"S1,J1",0.00343753,200.8584615
"C3,A2",0.00343753,17015.57261
"Y0,I1",0.00343753,360289.6667
"H1,A2",0.00343753,7001.580311
"Y2,T1",0.00343753,14956.14052
"X2,T1",0.00343753,72815.36364
"I3,I0",0.00343753,30396.91667
"H1,H0",0.00343753,17812.93709
"E2,S2",0.003405404,6331.74902
"T0,H1",0.003405404,407724.6381
"B1,D0",0.003405404,36978.99527
"J1,M1",0.003405404,90.73489933
"J2,H3",0.003405404,1134.455516
"G2,J1",0.003405404,10164.82338
"S2,E2",0.003405404,4242.337165
"D3,H1",0.003405404,1846.413953
"G0,C3",0.003373277,36161.99591
"H3,G0",0.003373277,24230.29401
"G1,Y0",0.003373277,120285.0543
"H1,S1",0.003373277,20.12240664
"G3,A2",0.003373277,3985.416779
"H2,O1",0.003373277,3630.461783
"J1,O0",0.003373277,39451.72901
"N2,H0",0.003373277,61974.11518
"I3,I1",0.003341151,21412.42919
"N2,Y1",0.003341151,37993.93359
"C3,G0",0.003341151,187523.4269
"I1,I3",0.003341151,3349.395876
"Y0,O2",0.003341151,351993.4355
"T1,C3",0.003341151,31825.18593
"O1,H0",0.003341151,43829.81848
"N1,O2",0.003341151,44883.10937
"C1,I3",0.003341151,25552.95208
"D2,G0",0.003341151,52291.72206
"X0,I3",0.003341151,1149950.087
"T1,N0",0.003341151,47078.99455
"D0,A2",0.003341151,62820.88204
"B1,I2",0.003341151,2494.511173
"S1,M1",0.003341151,19.05571848
"H3,A2",0.003341151,4311.78727
"G0,H1",0.003341151,70123.13962
"O2,N1",0.003341151,6389.134111
"C0,I1",0.003341151,10390.07306
"N0,G1",0.003341151,216665.3686
"T2,B2",0.003309024,44679.71111
"T1,G0",0.003309024,340621.6877
"I2,C0",0.003309024,40348.02312
"G2,C3",0.003309024,19833.86243
"T0,G1",0.003309024,367246.9456
"Y2,Y1",0.003309024,62244.79017
"H1,O2",0.003309024,9772.820163
"H2,N0",0.003309024,23098.46535
"H0,N2",0.003309024,18537.98408
"J1,N0",0.003309024,53070.53333
"I3,N2",0.003309024,14662.93277
"N2,B1",0.003309024,30245.25258
"E2,X2",0.003309024,91939.53041
"T1,B2",0.003309024,3965.362857
"C0,A0",0.003276898,47008.09966
"G3,H1",0.003276898,27872.89518
"M1,J1",0.003276898,34.32986111
"G2,B1",0.003276898,20023.13565
"A2,D3",0.003276898,15940.74383
"T2,D1",0.003276898,4232.620915
"N1,D3",0.003244771,18431.2386
"H0,B2",0.003244771,31498.28267
"C2,B0",0.003244771,63257.69602
"B2,I3",0.003244771,8151.783977
"T2,G3",0.003244771,7982.192893
"B0,C2",0.003244771,96550.22287
"O2,C3",0.003244771,8445.966772
"Y1,H1",0.003244771,69796.9812
"Y0,H1",0.003244771,714609.6349
"I3,C1",0.003244771,21851.32518
"O2,Y0",0.003244771,203162.2572
"O1,E1",0.003244771,10763.88018
"H1,H3",0.003244771,5476.718421
"O2,T0",0.003244771,155636.6029
"A2,H1",0.003244771,10576.45195
"G0,G2",0.003212645,89454.59271
"G0,D2",0.003212645,24267.00893
"H0,G2",0.003212645,38303.83838
"C2,S2",0.003212645,22579.60996
"F2,B1",0.003212645,222825.7486
"H3,T2",0.003212645,48353.59799
"D3,T1",0.003212645,11487.88263
"G1,O2",0.003212645,5266.135699
"G0,J1",0.003212645,39606.34916
"D3,X0",0.003212645,1314264.337
"F3,O0",0.003212645,594001.3068
"O0,N2",0.003212645,59139.18723
"T0,J2",0.003212645,123727.1515
"N0,H2",0.003180519,16995.9726
"D0,F0",0.003180519,39581.13362
"T0,B2",0.003180519,65401.10575
"T1,Y2",0.003180519,221712.1528
"T1,H3",0.003180519,1449.739972
"N0,O2",0.003180519,108107.7224
"S0,H3",0.003180519,434556.2976
"H1,H2",0.003180519,4145.270358
"G0,I3",0.003180519,27055.02733
"J1,H0",0.003180519,157831.2949
"O2,G0",0.003180519,117202.196
"N0,J1",0.003180519,37548.82105
"S0,M0",0.003180519,2312.829837
"T0,N1",0.003180519,178108.7658
"M1,S1",0.003180519,19.36875
"B2,T0",0.003148392,68423.12871
"G2,I3",0.003148392,23290.57371
"X1,Y1",0.003148392,18.86128364
"X0,H0",0.003148392,776565.24
"B1,N2",0.003148392,52419.45787
"F3,S0",0.003148392,925404.2264
"N1,G0",0.003148392,253970.0705
"N0,B0",0.003148392,384584.9843
"O2,Y1",0.003116266,37993.76262
"C2,F1",0.003116266,64846.43581
"C2,B3",0.003116266,2254.712846
"H2,I3",0.003116266,28807.57692
"H2,C3",0.003116266,5479.475543
"I1,C0",0.003116266,13199.753
"O2,N0",0.003116266,64825.98182
"O1,G2",0.003116266,14202.62637
"N2,J0",0.003084139,35528.41299
"J0,B2",0.003084139,31920.01475
"G0,H3",0.003084139,48120.09711
"N0,G2",0.003084139,88004.94892
"N0,D2",0.003084139,94838.83483
"C3,H1",0.003084139,14622.03191
"J2,G3",0.003084139,6440.194444
"S0,F3",0.003084139,892083.4306
"D2,G1",0.003084139,7844.793443
"B2,Y0",0.003084139,130071.7367
"A2,H3",0.003084139,17698.42752
"T2,I1",0.003084139,15640.4653
"G1,H2",0.003084139,3123.095238
"B2,H0",0.003084139,106725.3699
"G2,O1",0.003084139,14559.10106
"J0,N2",0.003052013,46226.33259
"A2,F3",0.003052013,175972.7966
"Y1,O2",0.003052013,94295.11861
"I3,O1",0.003052013,12706.68505
"J0,E2",0.003052013,153274.0626
"D0,I3",0.003052013,46122.98427
"F2,N2",0.003052013,129902.4516
"O0,O2",0.003052013,56963.96053
"C1,E1",0.003052013,5696.54371
"F3,N0",0.003052013,693681.2907
"C3,T1",0.003052013,32107.38983
"H3,S0",0.003052013,934013.645
"I2,Y1",0.003052013,98138.59479
"F2,D2",0.003052013,32147.36705
"C0,I2",0.003019886,1846.029412
"J2,N0",0.003019886,23771.1204
"B2,O0",0.003019886,8875.871134
"E0,X0",0.003019886,1630103.955
"A2,A1",0.003019886,137089.4059
"T0,O2",0.003019886,254478.5813
"B0,T0",0.003019886,662366.5288
"C3,T2",0.003019886,27848.99396
"G1,D3",0.003019886,191.0503597
"T1,J2",0.003019886,22094.62464
"O1,A2",0.003019886,533.6358268
"T0,D2",0.00298776,358274.9655
"H1,J2",0.00298776,391.0748031
"G1,O0",0.00298776,9128.949861
"I3,D1",0.00298776,5350.244068
"I3,H2",0.00298776,359.5407609
"H1,G3",0.00298776,12314.6231
"I3,H1",0.00298776,2191.825083
"G2,N0",0.00298776,28946.74713
"C3,J2",0.00298776,31514.43923
"I3,G2",0.00298776,4442.876858
"H2,O0",0.002955633,18061.13274
"I3,J1",0.002955633,11108.02638
"E2,A2",0.002955633,59891.45494
"H2,H0",0.002955633,44466.94118
"B3,N2",0.002955633,557.6377953
"D3,T2",0.002955633,10722.97671
"G1,J2",0.002955633,1156.151943
"N1,N0",0.002955633,83014.2716
"D2,J0",0.002955633,37598.09214
"G0,A2",0.002955633,91224.34234
"N2,F2",0.002955633,64774.16988
"A2,D1",0.002955633,48971.38
"T0,A2",0.002955633,77858.15858
"S0,E0",0.002955633,660523.9124
"J2,T1",0.002955633,6161.44152
"I1,T2",0.002955633,8232.901266
"I1,A2",0.002955633,5829.248603
"H0,G1",0.002923507,29367.88655
"D2,F2",0.002923507,66308.85797
"J2,C3",0.002923507,6380.928899
"O2,A2",0.002923507,57635.43151
"G2,Y0",0.002923507,195044.8927
"G1,D2",0.00289138,7580.299639
"E1,D0",0.00289138,67127.09605
"J1,G2",0.00289138,13065.59103
"X0,E0",0.00289138,1133318.599
"A2,G3",0.00289138,56553.61258
"B2,T1",0.00289138,22190.73273
"H0,J1",0.00289138,5920.47205
"D1,Y0",0.00289138,382643.0741
"H3,H1",0.00289138,784.0085227
"J1,C3",0.002859254,20118.78188
"S1,H1",0.002859254,348.2197802
"T2,C3",0.002859254,11766.38625
"O0,H1",0.002859254,55138.30878
"Y1,X0",0.002859254,221791.4533
"E1,O1",0.002859254,22270.02078
"N1,T2",0.002859254,59516.97792
"H0,H3",0.002859254,56218.9094
"D1,B0",0.002859254,34477.64798
"Y0,A0",0.002859254,1721956.916
"D3,A2",0.002859254,4501.726631
"O1,E2",0.002859254,10166.53232
"J1,A2",0.002859254,10295.25725
"Y1,X1",0.002859254,23.18502203
"N0,T2",0.002859254,52026.36502
"F3,C2",0.002827128,45232.69434
"B2,S2",0.002827128,8643.702703
"O2,O0",0.002827128,25113.21782
"H1,C3",0.002827128,2377.985816
"I0,F1",0.002827128,100042.0
"I3,G0",0.002827128,143164.7863
"T2,H3",0.002827128,7266.876686
"F1,J1",0.002827128,35373.83824
"A2,O1",0.002827128,18890.35597
"O2,I3",0.002827128,3081.932331
"T1,G1",0.002827128,44150.40959
"J1,F1",0.002827128,14786.13425
"Y1,I2",0.002827128,86954.42677
"J2,H1",0.002827128,3780.301158
"C2,E3",0.002795001,19597.92226
"X0,Y1",0.002795001,291070.3649
"S2,R2",0.002795001,18.93411765
"G0,Y1",0.002795001,844134.5537
"B1,F2",0.002795001,91154.58166
"J3,E3",0.002795001,87365.98544
"M0,O0",0.002795001,2425.24159
"B3,I2",0.002762875,8431.927632
"E2,D1",0.002762875,35240.64179
"A2,T1",0.002762875,174831.4092
"I2,B3",0.002762875,165.1198044
"G0,G1",0.002762875,139882.2672
"G0,O2",0.002762875,69458.27692
"C2,S0",0.002762875,134003.7252
"J2,T0",0.002762875,56180.9164
"X0,D0",0.002762875,548534.1173
"E3,J3",0.002762875,33020.06065
"C0,E0",0.002762875,19927.17152
"D3,G1",0.002762875,16822.18487
"I3,D0",0.002762875,34244.43979
"G2,H0",0.002762875,95205.46099
"N0,F3",0.002762875,557061.5505
"O0,Y1",0.002762875,80564.22527
"H1,Y0",0.002762875,76239.49362
"N1,O0",0.002762875,74650.09655
"J2,I3",0.002762875,7142.920548
"E2,O1",0.002730748,65018.82072
"B3,O1",0.002730748,536.0955166
"F1,F2",0.002730748,264829.3353
"T2,T0",0.002730748,126406.4315
"E2,I0",0.002730748,53245.30142
"C2,F3",0.002730748,44040.57143
"N0,J2",0.002730748,15221.46591
"A2,I3",0.002730748,23330.70777
"F1,C2",0.002730748,43563.74319
"G2,G0",0.002730748,127305.6723
"X0,E3",0.002698622,1426028.865
"A1,A2",0.002698622,34646.54104
"A2,C3",0.002698622,18073.73286
"J0,T1",0.002698622,29513.74785
"R2,S2",0.002698622,20.99313501
"D2,T0",0.002698622,131570.1747
"J2,G1",0.002698622,6143.553903
"B2,J0",0.002698622,12708.5994
"F2,D0",0.002698622,128295.0
"X0,H3",0.002698622,1086405.678
"E0,G0",0.002698622,243593.7714
"J0,D2",0.002698622,37176.4338
"B1,O1",0.002698622,99692.32292
"T2,N1",0.002698622,16915.6902
"E0,S0",0.002698622,1016924.787
"D1,E0",0.002698622,13285.75145
"G0,T2",0.002698622,74794.66667
"J3,X0",0.002698622,1786555.089
"E1,H1",0.002666495,8312.670498
"N1,H3",0.002666495,3190.358277
"E2,C1",0.002666495,52805.64486
"Y0,G2",0.002666495,207400.6573
"J3,C2",0.002666495,29231.95926
"E3,C2",0.002666495,11384.21104
"B2,T2",0.002666495,45855.52133
"O1,B3",0.002666495,11778.32847
"N1,J0",0.002666495,8698.132743
"N1,G3",0.002666495,34539.79545
"B2,F3",0.002666495,74248.54706
"D3,N1",0.002666495,12873.93735
"S2,B2",0.002666495,9627.259414
"A2,O2",0.002666495,59232.01465
"A3,S0",0.002634369,1412492.824
"D3,H0",0.002634369,58926.52874
"A2,I1",0.002634369,9499.109195
"O0,N1",0.002634369,35957.62676
"I0,Y1",0.002634369,97151.74854
"T2,O0",0.002634369,24061.6548
"H0,X0",0.002634369,552872.6
"G3,G1",0.002634369,25303.79948
"S0,A3",0.002634369,1341654.579
"H1,J0",0.002634369,28508.37987
"O0,J2",0.002634369,44736.14286
"H1,I3",0.002634369,2638.043624
"G2,O0",0.002602242,49242.16225
"Y0,A2",0.002602242,321987.2473
"G1,T2",0.002602242,3053.122857
"E0,C2",0.002602242,5646.839945
"J0,O2",0.002602242,24912.17254
"A2,G0",0.002602242,308489.0818
"F0,D0",0.002602242,189954.892
"E0,H0",0.002602242,156510.2757
"E0,C0",0.002602242,32680.03889
"F3,I2",0.002602242,97524.69283
"J0,G1",0.002570116,22455.03806
"D0,E1",0.002570116,992.3855932
"G3,N1",0.002570116,3703.584034
"T1,H0",0.002570116,171523.1834
"T2,N0",0.002570116,59617.41224
"O0,M0",0.002570116,7167.400585
"O0,D2",0.002570116,72811.69145
"C0,H1",0.002570116,6901.863095
"A2,N0",0.002570116,74152.19231
"T2,H1",0.002570116,17466.11988
"N1,C3",0.002570116,34579.78281
"Y0,B2",0.002570116,163645.3846
"L0,G0",0.002570116,31.58098592
"O0,T2",0.002570116,109564.5414
"G1,J0",0.002570116,34764.82818
"H1,Y1",0.002570116,60036.59431
"G3,J0",0.002570116,157956.7177
"H0,J2",0.002570116,6498.634259
"H3,G1",0.002570116,28541.12874
"O2,B1",0.002570116,26391.4125
"I0,F2",0.00253799,58548.25984
"G1,H0",0.00253799,11912.33824
"H2,G0",0.00253799,23704.23005
"B3,D1",0.00253799,3167.819905
"H0,T1",0.00253799,157770.887
"J1,I3",0.00253799,2951.614815
"Y1,I0",0.00253799,77118.45283
"T1,H2",0.00253799,39999.32512
"G3,Y1",0.00253799,59018.0
"T0,M0",0.00253799,16577.14141
"N1,B2",0.00253799,1608.430657
"H2,T1",0.002505863,26147.10048
"A2,J1",0.002505863,49023.38051
"S0,C1",0.002505863,308142.5585
"A0,C0",0.002505863,24704.6162
"G0,J2",0.002505863,51451.60251
"C2,Y2",0.002505863,82570.77604
"H0,O2",0.002505863,30674.14583
"D1,E2",0.002505863,13851.62281
"X0,F0",0.002505863,1695604.593
"G2,T0",0.002505863,42904.96561
"E1,C2",0.002505863,5498.681275
"A2,Y0",0.002505863,116508.8885
"I3,O2",0.002505863,9408.563674
"G1,H3",0.002505863,3651.409786
"M2,J2",0.002505863,27.17647059
"T0,B1",0.002505863,188187.7672
"S0,D1",0.002505863,128047.0482
"F3,B2",0.002473737,88565.51058
"O0,G2",0.002473737,95599.28614
"T2,G1",0.002473737,22886.54755
"T1,J0",0.002473737,66497.44282
"M2,A2",0.002473737,25.53112033
"J0,J2",0.002473737,18633.11622
"G2,Y2",0.002473737,109501.9563
"G0,L0",0.002473737,46.32191781
"B0,C1",0.002473737,42458.29167
"G0,N1",0.002473737,71556.42353
"N1,H0",0.002473737,126698.9658
"L1,G1",0.002473737,16.74907749
"N2,B3",0.002473737,10249.95721
"B3,I1",0.002473737,39.49116608
"I0,E2",0.00244161,10267.4403
"H1,T2",0.00244161,7099.427711
"E1,I0",0.00244161,41869.55981
"B0,D1",0.00244161,54602.72787
"D0,F2",0.00244161,164007.2404
"J0,N1",0.00244161,16266.63514
"S2,C2",0.00244161,5281.924731
"O0,C0",0.00244161,97469.20536
"I3,J2",0.00244161,419.8994083
"X2,E2",0.00244161,17560.99119
"H1,C0",0.00244161,17037.24118
"B2,A1",0.00244161,184405.268
"B1,O2",0.00244161,20042.27419
"Y0,N1",0.00244161,257152.481
"C0,O0",0.00244161,64618.16077
"J2,J0",0.002409484,15474.97959
"G1,C3",0.002409484,14660.95385
"E2,D0",0.002409484,70330.20979
"S2,T1",0.002409484,12114.60092
"T0,G2",0.002409484,121976.365
"N0,A2",0.002409484,24710.20677
"X0,J3",0.002409484,1269116.02
"C3,H0",0.002409484,293306.8065
"D2,S2",0.002409484,33598.30357
"D2,T1",0.002409484,52739.53357
"O0,B1",0.002409484,23669.77037
"H0,A2",0.002409484,110429.0
"O1,B1",0.002377357,18809.26901
"D2,O0",0.002377357,48331.04583
"T2,I3",0.002377357,42358.92264
"I2,F1",0.002377357,40372.14103
"G1,G3",0.002377357,6676.268293
"B0,N0",0.002377357,145735.1028
"B3,B2",0.002377357,6503.308311
"T1,G2",0.002377357,20624.60246
"Y2,H2",0.002377357,163558.957
"C1,Y1",0.002377357,68232.72364
"Y0,D1",0.002377357,433184.4505
"I2,F3",0.002377357,20580.76604
"B3,D2",0.002377357,46.2265625
"D2,Y0",0.002377357,385058.1325
"O2,H0",0.002377357,50386.71368
"I3,T1",0.002377357,41288.20244
"A2,M2",0.002377357,40.89915966
"O2,J0",0.002377357,53498.64746
"S0,C2",0.002377357,313200.5323
"G2,F1",0.002377357,14907.56204
"N1,J2",0.002345231,12241.77551
"T1,A2",0.002345231,43559.92401
"J0,H1",0.002345231,33031.64762
"G3,H0",0.002345231,165353.7156
"F2,F1",0.002345231,103471.5427
"H2,B1",0.002345231,9054.190751
"O0,A2",0.002345231,19796.11538
"C2,J3",0.002345231,33519.65424
"M1,C1",0.002345231,364.6627907
"H2,J0",0.002345231,32616.65854
"G2,J0",0.002345231,43495.52817
"O0,F3",0.002345231,587942.414
"N0,N1",0.002345231,86646.42424
"N1,Y0",0.002345231,337779.3435
"H3,X0",0.002345231,1046335.265
"S0,O1",0.002345231,218146.7771
"J2,O0",0.002313104,8944.197183
"H2,Y2",0.002313104,143928.8081
"G1,G0",0.002313104,7160.485597
"G1,I3",0.002313104,5971.918552
"F3,O1",0.002313104,3137.668693
"B1,F3",0.002313104,99679.06364
"N0,A3",0.002313104,1245042.159
"H3,B1",0.002280978,3546.173913
"S1,X1",0.002280978,20.2231405
"A3,O0",0.002280978,843133.3882
"A2,O0",0.002280978,4358.311828
"C0,B2",0.002280978,58636.59364
"C3,N1",0.002280978,38796.30189
"T1,S2",0.002280978,9547.724299
"F3,N2",0.002248851,132443.6132
"G3,F2",0.002248851,7288.943478
"J3,S0",0.002248851,1394202.53
"Y1,O0",0.002248851,104973.5791
"B2,N1",0.002248851,27483.00752
"Y0,B1",0.002248851,645693.5685
"D1,B3",0.002248851,3987.574713
"C2,Y1",0.002248851,15050.73944
"S0,I2",0.002248851,408176.3743
"C1,M1",0.002248851,31.28795812
"I2,S0",0.002248851,199649.8617
"O1,X2",0.002248851,3493.385757
"D0,X0",0.002248851,572778.7108
"A2,J2",0.002248851,50104.88506
"D0,E2",0.002248851,11952.91736
"J0,G2",0.002248851,49032.74088
"O0,H2",0.002248851,18565.65238
"B1,D3",0.002248851,714.3396226
"I0,B3",0.002216725,38328.57622
"J2,G0",0.002216725,14607.60563
"G1,F2",0.002216725,35343.44175
"C3,B1",0.002216725,16433.46473
"I3,T2",0.002216725,32570.91277
"T0,H2",0.002216725,97216.21739
"B2,B3",0.002216725,4950.316129
"F2,D3",0.002216725,26681.76695
"B2,C0",0.002216725,52987.73359
"N0,F0",0.002216725,693289.7341
"B3,O2",0.002216725,48.63945578
"Y0,J2",0.002216725,240015.0053
"A2,H0",0.002216725,203965.9519
"O0,A3",0.002216725,892360.4214
"F1,I0",0.002216725,33639.57827
"B3,I0",0.002216725,11658.34161
"T1,I3",0.002216725,13486.20316
"B3,C1",0.002184599,42405.33871
"Y1,A2",0.002184599,52388.17437
"T0,F1",0.002184599,262630.878
"L2,G2",0.002184599,29.85833333
"B1,T2",0.002184599,10176.32114
"H0,T2",0.002184599,21258.62389
"E2,D3",0.002184599,11175.37918
"H0,G3",0.002184599,31405.60428
"S2,C1",0.002184599,28260.17262
"C1,E2",0.002184599,22526.7343
"C2,E1",0.002184599,13928.04103
"F2,C1",0.002184599,86347.06757
"J0,H2",0.002184599,47289.25225
"C3,Y1",0.002184599,96958.64329
"G0,F1",0.002184599,44556.59296
"F2,G1",0.002152472,104465.4439
"H0,C3",0.002152472,18098.90135
"I1,B3",0.002152472,2098.650206
"N2,F3",0.002152472,32783.19392
"G3,B1",0.002152472,20136.60465
"C1,B0",0.002152472,21039.19289
"X2,M2",0.002152472,42.6091954
"Y0,D2",0.002152472,475790.702
"F2,I0",0.002152472,36278.76126
"S0,E3",0.002152472,1132099.464
"A2,Y1",0.002152472,200775.611
"X2,O1",0.002152472,38927.18495
"C2,E0",0.002152472,5397.610414
"J0,M0",0.002152472,357.6374808
"A2,E2",0.002152472,45796.71023
"C1,F2",0.002152472,50717.31222
"I3,G1",0.002152472,22785.70175
"X2,Y0",0.002152472,294150.0295
"Y2,C2",0.002152472,102039.3082
"T2,G0",0.002152472,35848.639
"H0,N1",0.002152472,74235.07778
"X0,I2",0.002152472,974219.7337
"T2,B1",0.002120346,32715.25221
"B3,J1",0.002120346,930.4316547
"H2,T0",0.002120346,44122.93536
"T2,H0",0.002120346,42783.91707
"Y0,B3",0.002120346,675517.0556
"Y1,G0",0.002120346,731843.7426
"G2,T1",0.002120346,15449.05603
"H0,I3",0.002120346,13225.49259
"B1,H3",0.002120346,16463.05306
"J0,F0",0.002120346,350635.0592
"S0,F0",0.002120346,1805979.531
"C2,X2",0.002120346,130846.341
"J3,N0",0.002120346,1047775.568
"B0,I2",0.002120346,50818.04049
"M2,X2",0.002120346,23.93023256
"T1,D2",0.002120346,14768.00383
"B3,T0",0.002120346,169417.5833
"X0,B0",0.002120346,1856376.585
"D3,E2",0.002120346,10331.82301
"G0,H2",0.002120346,71516.0113
"B1,O0",0.002120346,18177.49813
"M0,J0",0.002120346,111.2151515
"B1,J2",0.002120346,82.275
"N1,D2",0.002120346,59113.56354
"D0,F1",0.002120346,71560.29688
"Y2,O1",0.002120346,99293.23684
"S2,D3",0.002120346,8268.291667
"F3,T1",0.002120346,88984.33628
"B3,G2",0.002120346,31.89873418
"E0,D1",0.002088219,11669.61185
"S0,J3",0.002088219,956769.305
"J0,D3",0.002088219,83523.43767
"M2,L2",0.002088219,15.73394495
"N2,F1",0.002088219,29245.075
"N0,B1",0.002088219,83113.59091
"Y1,D0",0.002088219,67076.52866
"G1,L1",0.002088219,18.33333333
"B3,T2",0.002088219,521.0032468
"Y1,G3",0.002088219,19471.26596
"I3,A2",0.002088219,10798.56069
"S0,T1",0.002088219,272110.3693
"J3,I2",0.002088219,82808.52609
"F1,D0",0.002088219,123684.4223
"Y1,C1",0.002088219,60679.37121
"J2,M2",0.002088219,62.16939891
"H1,E1",0.002088219,6082.323009
"I3,H0",0.002088219,225141.386
"J0,A2",0.002088219,23364.36458
"J2,N1",0.002088219,1757.293532
"R2,R2",0.002088219,20.28696925
"S2,D0",0.002088219,7125.038462
"J0,B0",0.002088219,321933.5631
"A2,J0",0.002088219,107190.4856
"S0,I1",0.002056093,77675.84925
"H2,X2",0.002056093,5497.402913
"J2,H0",0.002056093,52097.97706
"H3,H0",0.002056093,43356.756
"H2,N1",0.002056093,11452.00613
"N0,Y1",0.002056093,176689.7393
"B0,J0",0.002056093,72266.72414
"B2,Y1",0.002056093,21041.36515
"G2,X2",0.002056093,24835.14063
"D0,Y1",0.002056093,67467.6
"J2,Y0",0.002056093,163189.3204
"S0,B0",0.002056093,1234300.041
"C1,B3",0.002056093,5378.440367
"D3,B1",0.002056093,10211.62921
"H3,J0",0.002056093,113535.2468
"B1,H0",0.002056093,108632.0138
"N0,E3",0.002056093,950914.8155
"A0,Y0",0.002056093,988045.3197
"G1,S1",0.002056093,26.69822485
"O2,F2",0.002056093,30292.32278
"H3,N1",0.002056093,37.68733154
"N1,A2",0.002056093,3307.168675
"D2,B3",0.002056093,3378.339367
"C3,G1",0.002056093,90093.88306
"B3,D0",0.002023966,28515.56744
"A1,I1",0.002023966,426.5874439
"B1,G0",0.002023966,92192.37584
"B1,D2",0.002023966,39725.33143
"Y0,Y2",0.002023966,326845.376
"S2,I0",0.002023966,16703.90045
"X2,H2",0.002023966,36978.66834
"T0,C0",0.002023966,250982.1104
"J2,B1",0.002023966,1508.234568
"X0,T1",0.002023966,460707.0532
"X0,N2",0.002023966,372624.1071
"E2,I1",0.002023966,80058.74627
"Y2,Y0",0.002023966,171024.9611
"I1,E2",0.002023966,15178.89071
"T1,X0",0.002023966,475578.7903
"C1,S0",0.002023966,49604.89418
"A2,T0",0.002023966,65900.67029
"G0,E0",0.002023966,48325.62632
"D1,S0",0.002023966,116306.5464
"A2,T2",0.002023966,125635.4097
"F3,B1",0.002023966,316990.022
"I1,A1",0.00199184,31156.92116
"D3,Y1",0.00199184,110655.5337
"C3,J0",0.00199184,237918.5805
"O1,S0",0.00199184,167254.4451
"M0,T0",0.00199184,358.6692607
"J2,A2",0.00199184,11079.3522
"X2,G2",0.00199184,37642.27749
"F1,I2",0.00199184,70622.14062
"G2,F3",0.00199184,49499.94762
"L2,M2",0.001959713,18.24886878
"J1,B3",0.001959713,25721.32917
"N1,F1",0.001959713,58824.66187
"Y2,G2",0.001959713,71828.52349
"D3,S2",0.001959713,3719.097143
"Y1,C2",0.001959713,34581.85128
"B0,S0",0.001959713,541374.5333
"G2,N1",0.001959713,35.26203209
"D3,J0",0.001959713,123206.7752
"Y1,C3",0.001959713,29006.10902
"Y1,G1",0.001959713,97437.15517
"M1,Y1",0.001959713,2476.471591
"E2,T1",0.001959713,102779.2864
"C0,H2",0.001959713,54081.29268
"D1,F2",0.001959713,43637.54037
"B1,G3",0.001959713,15557.88672
"O1,Y2",0.001959713,22913.42308
"E2,F2",0.001959713,73864.58462
"N1,G2",0.001927587,22056.4604
"F2,G3",0.001927587,56867.49545
"B3,H2",0.001927587,37.55688623
"I3,N1",0.001927587,5251.992395
"I0,S2",0.001927587,10733.16204
"D2,B1",0.001927587,86668.01093
"Y1,M1",0.001927587,32.24683544
"X1,S1",0.001927587,20.66244726
"S2,D1",0.001927587,10836.05714
"S2,J1",0.001927587,779.1655629
"F2,A1",0.001927587,234470.2649
"I2,J3",0.001927587,4275.02008
"B1,J0",0.001927587,30543.8655
"I0,F3",0.001895461,112486.51
"D0,S2",0.001895461,1422.913907
"F2,M2",0.001895461,9741.650538
"N2,X0",0.001895461,530269.7087
"J0,H3",0.001895461,143291.0896
"O2,B3",0.001895461,8733.819549
"N1,I3",0.001895461,10840.08219
"B1,T0",0.001895461,44427.0412
"H0,B1",0.001895461,130478.5185
"B3,A2",0.001895461,1352.045296
"C0,T0",0.001895461,393090.8696
"D3,B0",0.001895461,138184.535
"T1,E2",0.001863334,139262.9271
"F3,G1",0.001863334,112628.3333
"M2,C2",0.001863334,2875.73913
"F1,G2",0.001863334,72508.47761
"G2,L2",0.001863334,22.35897436
"F3,D2",0.001863334,1478.307692
"E3,S0",0.001863334,1789113.227
"J2,Y1",0.001863334,76987.26728
"T2,J0",0.001863334,75108.49345
"J1,C0",0.001863334,150718.6176
"F3,O2",0.001863334,94697.65241
"N2,S0",0.001863334,228632.223
"C0,D3",0.001863334,56919.77528
"B3,H1",0.001863334,8883.035461
"F1,N2",0.001863334,122972.2596
"C2,X0",0.001863334,328642.1277
"H3,E2",0.001863334,1090.977273
"G0,B1",0.001863334,121207.7484
"I3,J0",0.001831208,152544.9525
"A1,B2",0.001831208,23599.5092
"Y0,X2",0.001831208,299644.578
"A3,A2",0.001831208,278409.7677
"B1,H2",0.001831208,10395.70068
"G3,E2",0.001831208,73983.95187
"B3,J2",0.001831208,49.75471698
"F2,D1",0.001831208,23363.70946
"Y1,B2",0.001831208,2837.607966
"F1,Y0",0.001831208,334446.6148
"I0,E3",0.001831208,62431.16204
"Y1,D3",0.001831208,8549.757143
"H2,Y0",0.001831208,138897.2843
"D3,F2",0.001831208,23660.8972
"S2,O1",0.001831208,3769.216216
"E2,G3",0.001831208,42829.22222
"B2,S0",0.001831208,46689.72993
"B0,T1",0.001831208,414750.0299
"S0,Y1",0.001831208,323825.0675
"T1,S0",0.001831208,150147.0494
"B0,O1",0.001799081,270973.4854
"S2,D2",0.001799081,18701.59239
"A3,B2",0.001799081,19304.85185
"F3,I0",0.001799081,95906.48305
"X2,C2",0.001799081,45459.38462
"F1,N1",0.001799081,13152.23776
"O0,E3",0.001799081,541125.9869
"D2,B0",0.001799081,6696.049296
"F3,T2",0.001799081,37680.83794
"T1,X1",0.001799081,35.045
"C2,F0",0.001799081,94857.96454
"H3,Y1",0.001799081,410.9111617
"Y1,H3",0.001799081,1229.68
"F3,I1",0.001799081,27817.37158
"B0,D2",0.001799081,12780.47097
"O1,B0",0.001799081,171322.7372
"M1,L1",0.001766955,156.951049
"A3,N0",0.001766955,1023953.672
"I1,S0",0.001766955,136200.892
"B3,Y0",0.001766955,325962.4939
"X2,T0",0.001766955,319082.878
"B0,D3",0.001766955,44433.40072
"O1,F3",0.001766955,27323.89046
"C3,B0",0.001766955,184495.8689
"T0,B3",0.001766955,235037.0961
"J0,G3",0.001766955,186620.7994
"J0,B1",0.001766955,104648.9045
"F1,O1",0.001766955,13264.91304
"F1,G0",0.001766955,67216.2
"B1,N0",0.001766955,21771.82051
"Y0,F1",0.001766955,413286.4651
"B1,M1",0.001766955,34.77443609
"H0,E0",0.001766955,69293.64948
"D1,A1",0.001766955,52892.76836
"N0,F1",0.001734828,98116.56934
"B1,Y0",0.001734828,152153.9756
"I3,B0",0.001734828,223636.5433
"S0,B2",0.001734828,325751.8714
"M2,F2",0.001734828,98.03246753
"B2,J3",0.001734828,4524.146226
"D2,N1",0.001734828,5565.844156
"M1,F1",0.001734828,22.98214286
"S0,N2",0.001734828,493274.482
"T2,B3",0.001734828,7902.316667
"Y1,S2",0.001734828,101183.2663
"E2,Y0",0.001734828,352109.4745
"M2,R2",0.001734828,19.02755906
"F0,J0",0.001734828,266274.6393
"F2,C3",0.001734828,76539.42246
"A2,B0",0.001734828,338862.7267
"X1,T1",0.001734828,28.79213483
"F1,M1",0.001734828,38.06410256
"S1,G1",0.001734828,13162.86957
"H2,C0",0.001734828,9098.82377
"Y2,B2",0.001734828,67096.5124
"B0,C3",0.001734828,138617.9585
"C1,F3",0.001734828,74674.71338
"J0,T2",0.001734828,43245.97736
"I0,E1",0.001702702,119723.4831
"J0,I3",0.001702702,180245.5714
"B0,I1",0.001702702,79498.5503
"N1,B3",0.001702702,10173.22162
"C0,N2",0.001702702,4857.282895
"I1,B0",0.001702702,132431.343
"H2,B3",0.001702702,2036.084337
"J3,O0",0.001702702,944865.6357
"H1,B3",0.001702702,604.2372881
"C0,Y0",0.001702702,505836.2308
"X1,X1",0.001702702,18.53709199
"E2,H3",0.001702702,5106.184615
"G0,B3",0.001702702,50645.01523
"F3,J2",0.001702702,6204.490798
"A1,D1",0.001702702,16789.99412
"T1,B1",0.001702702,176745.3519
"D1,S2",0.001702702,13194.77519
"Y0,F2",0.001702702,674429.7143
"X2,C1",0.001670575,103482.4313
"J3,N2",0.001670575,26602.60804
"N2,B0",0.001670575,52247.375
"B3,G0",0.001670575,33193.88608
"H3,B0",0.001670575,117645.8734
"F2,Y0",0.001670575,216454.2569
"T2,A2",0.001670575,66805.74615
"G2,C0",0.001670575,114542.0144
"E2,H1",0.001670575,57232.30357
"Y2,A2",0.001670575,187606.7719
"B0,A2",0.001670575,38781.44242
"G2,B3",0.001670575,1196.273764
"B0,H3",0.001670575,50118.14508
"Y1,D1",0.001670575,144595.807
"E1,T1",0.001670575,71412.38158
"G3,B0",0.001670575,298066.9719
"Y1,G2",0.001670575,39859.94721
"T0,A0",0.001670575,1491734.57
"T0,E2",0.001670575,112552.4124
"G0,E2",0.001670575,118603.4602
"N1,H2",0.001670575,14919.52381
"B1,T1",0.001670575,28738.06349
"E1,N1",0.001670575,24003.32418
"F1,O2",0.001638449,13906.32
"F3,J1",0.001638449,5826.431472
"A2,N1",0.001638449,2199.0
"O0,B0",0.001638449,643291.9839
"D2,Y2",0.001638449,161628.25
"B1,C3",0.001638449,7173.422886
"Y1,J2",0.001638449,6420.526882
"N0,J3",0.001638449,589625.7612
"H1,E2",0.001638449,16389.96748
"B0,G3",0.001638449,35419.52632
"B2,X2",0.001638449,142273.9128
"Y0,C0",0.001638449,674881.7222
"F3,F2",0.001638449,188315.4381
"B0,X0",0.001638449,850406.0297
"X2,B2",0.001638449,175817.8944
"B0,N2",0.001638449,31526.99415
"Y1,S0",0.001638449,264969.7394
"X0,C2",0.001638449,314460.9837
"B0,B2",0.001638449,32301.5641
"Y2,T0",0.001638449,143784.4607
"E3,O0",0.001606322,1150190.338
"J0,C3",0.001606322,272627.2568
"J3,B2",0.001606322,17787.80198
"L1,M1",0.001606322,17.78723404
"Y0,H2",0.001606322,176063.2917
"F2,E2",0.001606322,54044.46296
"C3,F2",0.001606322,30981.11168
"J1,X2",0.001606322,21645.8866
"R2,M2",0.001606322,17.32067511
"H3,F2",0.001606322,6414.8125
"I1,F3",0.001606322,23402.71354
"I1,X2",0.001606322,48839.25325
"F2,F3",0.001606322,195515.5349
"G1,C0",0.001606322,18888.2126
"X0,C1",0.001606322,957732.2059
"I1,F2",0.001606322,16621.19858
"O0,F0",0.001606322,941351.7054
"D0,B3",0.001606322,1162.866667
"F3,G0",0.001606322,262132.4417
"T0,Y2",0.001606322,253829.5355
"I2,E3",0.001606322,21664.75336
"O2,F1",0.001606322,649.6597222
"E3,N0",0.001574196,1029393.752
"O0,J3",0.001574196,601634.032
"M1,B1",0.001574196,672.6015038
"G1,F3",0.001574196,27738.09722
"T1,E1",0.001574196,15861.79755
"A2,B3",0.001574196,1312.842308
"F2,O2",0.001574196,71045.26016
"N2,C0",0.001574196,114268.331
"B3,E3",0.001574196,31767.98324
"B0,Y1",0.001574196,1098647.939
"F2,T2",0.001574196,193839.6847
"T1,F3",0.001574196,50830.04545
"D2,E1",0.001574196,14082.8011
"Y1,N0",0.001574196,39005.32864
"G3,S2",0.001574196,5520.369231
"D2,F3",0.001574196,19527.86667
"S2,I1",0.001574196,1047.417219
"B3,T1",0.001574196,47.47237569
"T2,F3",0.001574196,31938.50769
"X0,O1",0.001574196,359356.4722
"I0,A0",0.001574196,193861.6218
"C0,J1",0.00154207,2182.19863
"J1,S2",0.00154207,38630.1626
"F2,H3",0.00154207,12080.285
"D1,Y1",0.00154207,104068.5338
"D0,F3",0.00154207,16146.47305
"E1,D2",0.00154207,10897.72109
"T1,B3",0.00154207,220.3039514
"G2,Y1",0.00154207,64371.92219
"F2,I3",0.00154207,37427.29412
"B2,B0",0.00154207,30193.18919
"E2,T0",0.00154207,289577.2191
"I3,B1",0.00154207,69440.17361
"B0,I3",0.00154207,57651.39904
"B2,A3",0.00154207,55463.1875
"T0,F2",0.00154207,404567.8716
"O1,S2",0.00154207,1165.279503
"A2,A3",0.00154207,280934.7926
"F3,G2",0.00154207,19422.90995
"F2,T0",0.001509943,66246.08276
"S0,O2",0.001509943,362662.1239
"C1,X2",0.001509943,37080.62827
"C0,G3",0.001509943,157043.518
"I2,B0",0.001509943,10920.07805
"C0,G1",0.001509943,13111.88
"X2,I0",0.001509943,29915.66883
"B0,G1",0.001509943,153077.3025
"I3,E2",0.001509943,26972.48322
"F1,T0",0.001509943,47068.57062
"S2,G3",0.001509943,22278.7047
"J1,F3",0.001509943,26407.68485
"C3,E2",0.001509943,32726.03468
"Y0,E2",0.001509943,286678.5565
"E3,I1",0.001509943,86088.75676
"F3,C1",0.001509943,31911.51408
"J1,B0",0.001509943,84280.83117
"D2,E3",0.001509943,95997.49701
"F2,H1",0.001509943,2898.82963
"J1,Y2",0.001509943,117656.7143
"F1,G3",0.001509943,34814.26131
"E3,N2",0.001509943,21278.59036
"E2,N0",0.001509943,79683.76923
"G3,F1",0.001509943,2465.409091
"B2,Y2",0.001509943,246175.6373
"E3,I2",0.001477817,33.82989691
"B1,I3",0.001477817,5335.797297
"H1,S0",0.001477817,89284.67368
"S2,H3",0.001477817,8363.403101
"F0,C2",0.001477817,38272.01408
"F0,F1",0.001477817,53725.10185
"F1,F3",0.001477817,397181.625
"I1,S2",0.001477817,61216.90551
"E0,B0",0.001477817,63003.31579
"C1,X0",0.001477817,142983.5051
"C1,Y2",0.001477817,180969.7705
"O1,C0",0.001477817,53906.53488
"C1,S2",0.001477817,1224.992308
"F0,D3",0.001477817,39924.17969
"F0,N0",0.001477817,384708.3261
"J2,B3",0.001477817,2223.306604
"F1,H2",0.001477817,15352.44167
"E2,I3",0.001477817,48211.31333
"N1,X2",0.001477817,38363.09934
"F0,I2",0.001477817,242390.8426
"B3,N1",0.00144569,50.15346535
"C2,A3",0.00144569,192721.7981
"G1,E1",0.00144569,31109.81333
"E3,H2",0.00144569,5383.223404
"E2,C3",0.00144569,30108.6087
"L2,L2",0.00144569,17.44987147
"G1,Y1",0.00144569,7698.905405
"F3,D1",0.00144569,100500.0273
"F3,F1",0.00144569,258325.345
"J1,F2",0.00144569,29620.2
"S0,N1",0.00144569,91847.5
"O2,S0",0.00144569,151116.009
"F0,N2",0.00144569,70980.34615
"E1,G1",0.00144569,12269.94558
"J1,S0",0.00144569,195646.8083
"D1,F3",0.00144569,20055.248
"C0,S0",0.00144569,196657.5603
"O0,B3",0.00144569,89671.4
"G1,F0",0.00144569,155314.3537
"O2,B0",0.00144569,42379.28704
"B3,N0",0.00144569,94332.65
"O2,F3",0.00144569,7424.06
"J3,O1",0.00144569,79153.4589
"F3,E3",0.001413564,338790.5314
"J3,J1",0.001413564,17453.93846
"C2,M2",0.001413564,4117.403226
"T0,X2",0.001413564,97108.10714
"J3,I1",0.001413564,25966.44355
"H3,S2",0.001413564,811.024
"F0,X0",0.001413564,669905.0
"H1,F2",0.001413564,132641.7813
"A0,I0",0.001413564,84822.50862
"C1,E0",0.001413564,40766.74211
"C0,O2",0.001413564,157465.2386
"D2,X2",0.001413564,53206.70435
"Y2,J1",0.001413564,5868.277311
"L0,M0",0.001413564,23.08108108
"C0,G2",0.001413564,11505.52459
"I0,J3",0.001413564,60207.37313
"H1,B0",0.001413564,18265.56383
"S2,C3",0.001381437,1660.539568
"C0,H3",0.001381437,26435.86897
"H1,S2",0.001381437,1656.853933
"F1,O0",0.001381437,58322.04317
"C0,O1",0.001381437,55689.5873
"B2,E3",0.001381437,19503.91257
"O1,F2",0.001381437,15639.17742
"E0,I1",0.001381437,55803.06612
"S0,J2",0.001381437,274375.7647
"D1,X0",0.001381437,326372.8889
"D3,F1",0.001381437,95958.07692
"G3,F0",0.001381437,328907.7687
"N0,B3",0.001381437,150959.4275
"A2,F0",0.001381437,368578.9858
"N1,F3",0.001381437,76897.46479
"S0,C0",0.001381437,135455.6013
"A3,O1",0.001381437,75331.47059
"A2,S0",0.001381437,158575.5309
"C3,S2",0.001381437,52.0078125
"A1,I0",0.001381437,61727.01087
"G1,S0",0.001381437,77565.07
"O1,E3",0.001381437,26717.44022
"N2,A1",0.001381437,267322.4286
"F2,J1",0.001349311,63850.21212
"E1,T0",0.001349311,216813.8148
"I0,A1",0.001349311,102621.7184
"H0,E2",0.001349311,40825.72816
"Y2,M2",0.001349311,6942.053097
"I1,E0",0.001349311,133061.975
"E2,H0",0.001349311,218921.5111
"E3,I0",0.001349311,220084.1017
"X2,D2",0.001349311,42919.34375
"E0,D2",0.001349311,25146.0722
"E3,D2",0.001349311,115.9759036
"A1,F2",0.001349311,125791.8099
"A3,N2",0.001349311,142910.9593
"M0,L0",0.001349311,22.45238095
"N2,E3",0.001349311,35908.28889
"O1,J3",0.001349311,20602.02797
"N1,E2",0.001349311,3403.521368
"S0,T2",0.001349311,710161.3939
"S0,G2",0.001349311,291705.1165
"N1,S0",0.001349311,99901.94253
"S0,H1",0.001349311,834714.1048
"J3,A2",0.001317184,144253.2535
"B3,O0",0.001317184,49612.0904
"I1,J3",0.001317184,1961.976
"J1,E0",0.001317184,82252.30328
"J0,Y1",0.001317184,57647.80925
"H3,F1",0.001317184,6948.238411
"F0,C1",0.001317184,158370.8796
"A2,C0",0.001317184,258118.6
"T0,E1",0.001317184,144981.283
"I3,Y1",0.001317184,61602.0375
"E3,O1",0.001317184,38836.13043
"I2,X0",0.001317184,271896.9247
"D3,C0",0.001317184,61960.93793
"F3,D0",0.001317184,130489.9935
"E2,M2",0.001317184,12532.07447
"D1,X2",0.001317184,58173.04854
"A0,T0",0.001317184,689242.3553
"X0,G1",0.001317184,630513.4024
"X0,A0",0.001317184,2086306.1
"A3,T1",0.001317184,271224.1273
"N1,E1",0.001317184,5977.575419
"S2,Y1",0.001317184,6978.86631
"E2,G1",0.001317184,88090.67742
"B3,G1",0.001317184,93.54471545
"F0,G1",0.001317184,194704.2581
"F1,T2",0.001285058,54870.05634
"X0,T2",0.001285058,838579.2222
"B0,J1",0.001285058,99522.36184
"B0,J2",0.001285058,42999.73077
"A3,C2",0.001285058,42787.62245
"E0,H1",0.001285058,107178.0755
"S0,J1",0.001285058,154130.3721
"E1,Y0",0.001285058,851882.7105
"X2,R2",0.001285058,46.00769231
"S0,D2",0.001285058,460034.7228
"F2,O1",0.001285058,17989.05042
"Y1,I3",0.001285058,80409.35099
"D3,X2",0.001285058,2278.387755
"B0,T2",0.001285058,72339.65138
"J3,D2",0.001285058,39715.42063
"C0,I3",0.001285058,20700.25385
"S2,I3",0.001285058,705.2053571
"D2,E0",0.001285058,8953.024561
"G1,B3",0.001285058,37699.92035
"F1,T1",0.001285058,256715.573
"D0,E3",0.001285058,59125.70946
"I1,X0",0.001285058,422724.3125
"E2,G0",0.001285058,51212.03158
"S2,N1",0.001285058,12892.25556
"D2,F1",0.001285058,141221.8542
"B0,O2",0.001252932,59883.85185
"B3,B1",0.001252932,921.5087719
"E2,Y1",0.001252932,335624.4434
"N2,J3",0.001252932,19310.5122
"T1,F1",0.001252932,295960.253
"D2,X0",0.001252932,435674.7582
"B0,M0",0.001252932,30.69565217
"Y0,M0",0.001252932,39270.725
"T2,X0",0.001252932,394385.7867
"G1,E2",0.001252932,626.1869919
"F0,O1",0.001252932,266998.1496
"J2,F3",0.001252932,149.9029851
"B0,F1",0.001252932,45024.20482
"Y2,D2",0.001252932,63038.12295
"Y1,H2",0.001252932,103703.4611
"T1,B0",0.001252932,215443.256
"O1,A3",0.001252932,23984.44138
"Y0,E1",0.001252932,660516.2143
"S2,N0",0.001220805,5093.51087
"O1,X0",0.001220805,336370.8684
"A3,I2",0.001220805,228893.7982
"D3,E1",0.001220805,298.3148148
"N1,C0",0.001220805,214367.3772
"E3,B2",0.001220805,5974.348993
"G1,B0",0.001220805,17350.86325
"L1,L1",0.001220805,19.80660377
"X0,D1",0.001220805,248912.4659
"T2,F1",0.001220805,29853.09774
"F0,T1",0.001220805,328099.1852
"X2,J1",0.001220805,29039.68824
"Y1,H0",0.001220805,701780.5914
"J3,O2",0.001220805,115129.4646
"S1,C1",0.001220805,4529.420561
"F2,G0",0.001220805,223508.3871
"X2,A2",0.001220805,395772.1111
"I2,E1",0.001220805,18740.61702
"F0,O2",0.001220805,82746.29245
"F0,H3",0.001220805,31789.76042
"E3,F3",0.001220805,149110.3419
"F3,H1",0.001220805,84752.80723
"D3,F0",0.001220805,140092.3276
"C1,S1",0.001220805,27.56122449
"F0,S0",0.001220805,1124008.959
"A3,O2",0.001188679,97257.65138
"E3,B3",0.001188679,95243.82967
"O0,E2",0.001188679,28166.27966
"B1,B0",0.001188679,29643.43269
"Y1,F3",0.001188679,206628.8727
"H2,Y1",0.001188679,9048.502762
"B1,S0",0.001188679,55084.87719
"I0,Y2",0.001188679,131297.4038
"B0,O0",0.001188679,456792.6383
"R2,X2",0.001188679,23.86065574
"I3,F2",0.001188679,46575.8
"F0,O0",0.001188679,562814.1429
"Y2,G1",0.001188679,150011.1728
"S2,G0",0.001188679,41270.32394
"O2,E3",0.001188679,20093.575
"F1,N0",0.001188679,94826.09917
"G2,J3",0.001188679,11830.39844
"F0,T2",0.001188679,136579.7805
"T2,F2",0.001188679,24253.17284
"C0,B1",0.001188679,76460.66667
"O2,J3",0.001188679,6052.575758
"G2,A1",0.001188679,54448.94048
"C1,F0",0.001188679,97017.40517
"F3,H2",0.001188679,17048.47619
"G1,X0",0.001188679,187912.4722
"I0,X2",0.001188679,46202.80282
"A2,S2",0.001188679,115.5825243
"T2,C0",0.001156552,50376.89041
"F3,N1",0.001156552,3075.743056
"B2,F0",0.001156552,53958.0381
"O0,F1",0.001156552,50515.93571
"J2,F2",0.001156552,78789.53333
"S0,G1",0.001156552,805238.5056
"O2,F0",0.001156552,154682.9684
"F1,H3",0.001156552,1574.209677
"O1,F0",0.001156552,248112.6371
"J0,F1",0.001156552,168934.6985
"S0,R0",0.001156552,35564.72321
"D2,J3",0.001156552,113543.7812
"B1,E1",0.001156552,6087.880342
"N1,Y2",0.001156552,197010.0341
"J2,S0",0.001156552,73751.80263
"J3,H1",0.001156552,79804.79221
"J3,C1",0.001156552,25059.72794
"S0,H2",0.001156552,125563.5208
"H1,E3",0.001156552,702.0
"C3,F0",0.001156552,550562.4783
"F0,G3",0.001156552,224497.5508
"C1,J3",0.001156552,165565.6797
"A0,D0",0.001156552,70355.95506
"A1,G2",0.001156552,81057.45238
"E0,C1",0.001156552,116138.6985
"E2,N1",0.001156552,16493.02041
"B0,G2",0.001156552,6310.095238
"F2,J2",0.001156552,11459.01333
"E1,B1",0.001156552,61332.83654
"E3,G2",0.001156552,54099.03974
"E3,A3",0.001156552,667918.5096
"S2,A2",0.001156552,21377.55102
"D0,A0",0.001124426,32451.73418
"D3,Y2",0.001124426,12592.47115
"G2,E3",0.001124426,15884.67176
"H0,F1",0.001124426,37161.30189
"F2,N0",0.001124426,38557.38144
"J3,I0",0.001124426,201735.7005
"F2,J0",0.001124426,12075.51087
"D1,E3",0.001124426,54967.09278
"X2,H1",0.001124426,9932.347458
"B0,H1",0.001124426,193509.8875
"A1,T0",0.001124426,151996.8116
"J3,G2",0.001124426,43026.80282
"X2,X0",0.001124426,445374.2846
"N0,S2",0.001124426,6323.949367
"C3,X2",0.001124426,10228.98058
"T1,F0",0.001124426,442669.3396
"B3,E2",0.001124426,52.40625
"E0,T1",0.001124426,204021.7571
"B0,E0",0.001092299,82402.86667
"H0,Y1",0.001092299,429835.3
"E3,D0",0.001092299,145797.2845
"B1,B3",0.001092299,197.8314607
"F0,D2",0.001092299,24253.62821
"F3,A1",0.001092299,378728.2605
"I1,E3",0.001092299,4729.940678
"X2,I1",0.001092299,52708.95161
"Y2,D3",0.001092299,8904.843137
"E2,O0",0.001092299,74779.51961
"Y1,E2",0.001092299,179507.8495
"B0,N1",0.001092299,49998.3253
"S2,H1",0.001092299,65071.35556
"O2,C0",0.001092299,50769.37681
"H2,S0",0.001092299,8971.871795
"I0,A3",0.001092299,369992.6486
"O1,E0",0.001092299,43865.44872
"F3,J0",0.001092299,456689.3269
"D2,F0",0.001092299,128504.0
"E0,G3",0.001092299,642313.7727
"S2,G1",0.001092299,536.5617978
"R0,S0",0.001092299,42.2952381
"F3,Y1",0.001092299,344182.3095
"I2,F0",0.001092299,51786.01235
"C3,F1",0.001092299,6226.176471
"F1,H0",0.001092299,273478.5052
"J2,F1",0.001092299,20148.48193
"N0,E2",0.001092299,38070.15504
"A2,Y2",0.001092299,366992.4205
"F1,D2",0.001060173,6688.855263
"F1,J0",0.001060173,40914.43571
"H2,F1",0.001060173,5068.382353
"G0,Y2",0.001060173,217899.9333
"F2,Y1",0.001060173,151076.3171
"X0,O2",0.001060173,649261.0308
"N0,F2",0.001060173,77012.525
"Y2,C1",0.001060173,39424.01974
"F2,I1",0.001060173,11296.70588
"I1,F0",0.001060173,241981.6509
"B1,Y1",0.001060173,55143.49425
"B3,Y1",0.001060173,72.30718954
"N2,A3",0.001060173,49072.16667
"I2,E0",0.001060173,56812.8125
"G0,F3",0.001060173,254251.608
"I2,A3",0.001060173,79770.16667
"J3,J2",0.001060173,11359.56164
"E1,G3",0.001060173,27183.51429
"Y2,I0",0.001060173,128811.1047
"X2,N1",0.001060173,157903.4672
"F1,D3",0.001060173,30472.24638
"O0,Y2",0.001060173,41022.7875
"B0,B1",0.001060173,67780.96078
"O2,X0",0.001060173,305573.0714
"G2,B0",0.001060173,10833.92135
"Y2,J0",0.001060173,84736.02273
"D1,F0",0.001060173,66495.21111
"E1,D3",0.001060173,22599.73585
"Y2,F2",0.001028046,250873.0308
"F1,F0",0.001028046,3895.86747
"H0,S2",0.001028046,11492.25455
"H0,B3",0.001028046,1715.6
"M2,D2",0.001028046,42.86842105
"F3,H0",0.001028046,763019.35
"H3,C0",0.001028046,161607.3761
"M2,E2",0.001028046,153.9565217
"S2,T0",0.001028046,5119.740741
"A2,J3",0.001028046,71981.63235
"C0,T2",0.001028046,2367.308824
"A3,I0",0.001028046,385906.5766
"H1,J3",0.001028046,15560.18841
"G2,A3",0.001028046,82568.33333
"N1,B0",0.001028046,634151.725
"E3,T1",0.001028046,107271.4272
"L0,L0",0.001028046,21.43866171
"C1,E3",0.001028046,55300.38889
"F2,Y2",0.001028046,308011.5429
"H2,E3",0.001028046,5257.382979
"D2,M2",0.001028046,33.18309859
"I3,F0",0.001028046,229205.0
"I3,F1",0.001028046,95.93965517
"D0,A1",0.001028046,91978.08974
"Y2,N1",0.001028046,109929.6395
"N2,F0",0.001028046,67759.49524
"F1,C3",0.001028046,4706.259615
"M0,B0",0.001028046,9772.782609
"Y2,G3",0.001028046,7718.071942
"M2,Y2",0.001028046,2916.46988
"T2,B0",0.001028046,33845.95294
